doc_id,doc_title,quipu_based,speaker,section,seq,level,item,unit,quantity,quantity_raw,context,page,confidence,notes
C1.a,"Declaración de caciques y quipocamayos de Lucanas-Laramati (pareados) ante el corregidor Fernández de Velasco, juicio de residencia a Juan Manuel de Anaya, AGI Escribanía 529A f.1086r-1092r; Aucara, 6-7 sept. 1581",yes,caciques y quipocamayos de Lucanas-Laramati por la lengua (intérprete Juan Ruiz Pardo),"tres primeros tercios - tiempo de Andrés de Vega (primer año de la tasa nueva, 1578-79)",1,item,plata de tributo en barras,pesos ensayados,2069.75,iiUlxix pº (margen) / dos mil y sesenta y nueue pesos y seys tomines ensayados en barras,"pagado a doña Teresa, encomendera, por mandado de Andrés de Vega",233,high,2069 p 6 t 0 g; margen omite tomines; plata para las barras la llevaron los indios
C1.a,"Declaración de caciques y quipocamayos de Lucanas-Laramati (pareados) ante el corregidor Fernández de Velasco, juicio de residencia a Juan Manuel de Anaya, AGI Escribanía 529A f.1086r-1092r; Aucara, 6-7 sept. 1581",yes,caciques y quipocamayos de Lucanas-Laramati por la lengua (intérprete Juan Ruiz Pardo),"tres primeros tercios - tiempo de Andrés de Vega (primer año de la tasa nueva, 1578-79)",2,item,plata de tributo en barras,pesos ensayados,530,Udxxx pº (margen) / quinientos y treinta pesos ensayados en barras,"pagado en Guamanga al tesorero real Garci Núñez Vela (oficiales reales), por mandado de Andrés de Vega",233,medium,"texto = 530; la cifra marginal impresa 'Udxxx' = 1530, pero la suma corrida '2 U 599' (=2069+530) confirma 530; la 'U' marginal probablemente error de lectura/escriba. Texto de la partida empieza f.1086v y continúa f.1087r (p.234)"
C1.a,"Declaración de caciques y quipocamayos de Lucanas-Laramati (pareados) ante el corregidor Fernández de Velasco, juicio de residencia a Juan Manuel de Anaya, AGI Escribanía 529A f.1086r-1092r; Aucara, 6-7 sept. 1581",yes,caciques y quipocamayos de Lucanas-Laramati por la lengua (intérprete Juan Ruiz Pardo),"tres primeros tercios - tiempo de Andrés de Vega (primer año de la tasa nueva, 1578-79)",3,subtotal,suma corrida marginal,pesos ensayados,2599,2 U 599 pº,suma corrida al margen al inicio de f.1087r (doña Teresa + oficiales reales),234,high,= 2069 + 530 (tomines omitidos)
C1.a,"Declaración de caciques y quipocamayos de Lucanas-Laramati (pareados) ante el corregidor Fernández de Velasco, juicio de residencia a Juan Manuel de Anaya, AGI Escribanía 529A f.1086r-1092r; Aucara, 6-7 sept. 1581",yes,caciques y quipocamayos de Lucanas-Laramati por la lengua (intérprete Juan Ruiz Pardo),"tres primeros tercios - tiempo de Andrés de Vega (primer año de la tasa nueva, 1578-79)",4,item,cifra marginal ilegible/dudosa,,4590,4Udxc?,cifra marginal al pie de f.1086v; el '?' es de los editores,233,low,lectura dudosa (4Udxc = 4590); no cuadra con las sumas corridas; posible relación desconocida
C1.a,"Declaración de caciques y quipocamayos de Lucanas-Laramati (pareados) ante el corregidor Fernández de Velasco, juicio de residencia a Juan Manuel de Anaya, AGI Escribanía 529A f.1086r-1092r; Aucara, 6-7 sept. 1581",yes,caciques y quipocamayos de Lucanas-Laramati por la lengua (intérprete Juan Ruiz Pardo),"tres primeros tercios - tiempo de Andrés de Vega (primer año de la tasa nueva, 1578-79)",5,item,pesos ensayados (pagados en corriente),pesos ensayados,100,C pº / çien pesos Ensayados,"al padre Pero Gonzales, cura del Nombre de Jesús, primer año, por mandado de Andrés de Vega",234,high,pagado a 30% de interese por el ensayado
C1.a,"Declaración de caciques y quipocamayos de Lucanas-Laramati (pareados) ante el corregidor Fernández de Velasco, juicio de residencia a Juan Manuel de Anaya, AGI Escribanía 529A f.1086r-1092r; Aucara, 6-7 sept. 1581",yes,caciques y quipocamayos de Lucanas-Laramati por la lengua (intérprete Juan Ruiz Pardo),"tres primeros tercios - tiempo de Andrés de Vega (primer año de la tasa nueva, 1578-79)",6,item,interese sobre el ensayado,por ciento,30,treynta por çiento,recargo al pagar ensayado en plata corriente (partida Pero Gonzales),234,high,"tasa de conversión, no bien entregado"
C1.a,"Declaración de caciques y quipocamayos de Lucanas-Laramati (pareados) ante el corregidor Fernández de Velasco, juicio de residencia a Juan Manuel de Anaya, AGI Escribanía 529A f.1086r-1092r; Aucara, 6-7 sept. 1581",yes,caciques y quipocamayos de Lucanas-Laramati por la lengua (intérprete Juan Ruiz Pardo),"tres primeros tercios - tiempo de Andrés de Vega (primer año de la tasa nueva, 1578-79)",7,item,pesos ensayados (pagados en corriente),pesos ensayados,300,CCC pº / treçientos pesos ensayados En corriente,"al padre Cristóbal Mendes, cura de Laramati, primer año",234,high,con 30% de interese
C1.a,"Declaración de caciques y quipocamayos de Lucanas-Laramati (pareados) ante el corregidor Fernández de Velasco, juicio de residencia a Juan Manuel de Anaya, AGI Escribanía 529A f.1086r-1092r; Aucara, 6-7 sept. 1581",yes,caciques y quipocamayos de Lucanas-Laramati por la lengua (intérprete Juan Ruiz Pardo),"tres primeros tercios - tiempo de Andrés de Vega (primer año de la tasa nueva, 1578-79)",8,item,interese sobre el ensayado,por ciento,30,treynta por çiento,partida Cristóbal Mendes,234,high,tasa de conversión
C1.a,"Declaración de caciques y quipocamayos de Lucanas-Laramati (pareados) ante el corregidor Fernández de Velasco, juicio de residencia a Juan Manuel de Anaya, AGI Escribanía 529A f.1086r-1092r; Aucara, 6-7 sept. 1581",yes,caciques y quipocamayos de Lucanas-Laramati por la lengua (intérprete Juan Ruiz Pardo),"tres primeros tercios - tiempo de Andrés de Vega (primer año de la tasa nueva, 1578-79)",9,item,salario del corregidor,pesos ensayados,333.83333,CCCXXXIII pº 6 8 / treçientos y treynta y tres pesos y seys tomines y ocho granos ensayados En corriente,"a Andrés de Vega, de su salario",234,high,333 p 6 t 8 g
C1.a,"Declaración de caciques y quipocamayos de Lucanas-Laramati (pareados) ante el corregidor Fernández de Velasco, juicio de residencia a Juan Manuel de Anaya, AGI Escribanía 529A f.1086r-1092r; Aucara, 6-7 sept. 1581",yes,caciques y quipocamayos de Lucanas-Laramati por la lengua (intérprete Juan Ruiz Pardo),"tres primeros tercios - tiempo de Andrés de Vega (primer año de la tasa nueva, 1578-79)",10,item,interese sobre el ensayado,por ciento,30,treynta por çiento,partida salario de Vega,234,high,tasa de conversión
C1.a,"Declaración de caciques y quipocamayos de Lucanas-Laramati (pareados) ante el corregidor Fernández de Velasco, juicio de residencia a Juan Manuel de Anaya, AGI Escribanía 529A f.1086r-1092r; Aucara, 6-7 sept. 1581",yes,caciques y quipocamayos de Lucanas-Laramati por la lengua (intérprete Juan Ruiz Pardo),"tres primeros tercios - tiempo de Andrés de Vega (primer año de la tasa nueva, 1578-79)",11,total,total marginal tiempo de Andrés de Vega,pesos ensayados,3333.5,3U 333 pº 4,"suma marginal de las cinco partidas del primer año (Teresa, oficiales reales, Gonzales, Mendes, Vega)",234,high,3333 p 4 t; cuadra con 2069p6t+530+100+300+333p6t (granos omitidos). Sigue: 'no pagaron otra cosa' en tasa y hospital
C1.a,"Declaración de caciques y quipocamayos de Lucanas-Laramati (pareados) ante el corregidor Fernández de Velasco, juicio de residencia a Juan Manuel de Anaya, AGI Escribanía 529A f.1086r-1092r; Aucara, 6-7 sept. 1581",yes,caciques y quipocamayos de Lucanas-Laramati por la lengua (intérprete Juan Ruiz Pardo),tres primeros tercios - tiempo de Juan Manuel de Anaya,12,item,barras de plata,barras,24,veynte y quatro barras,dadas a don Juan Manuel de Anaya a cuenta de los tres primeros tercios,234,high,
C1.a,"Declaración de caciques y quipocamayos de Lucanas-Laramati (pareados) ante el corregidor Fernández de Velasco, juicio de residencia a Juan Manuel de Anaya, AGI Escribanía 529A f.1086r-1092r; Aucara, 6-7 sept. 1581",yes,caciques y quipocamayos de Lucanas-Laramati por la lengua (intérprete Juan Ruiz Pardo),tres primeros tercios - tiempo de Juan Manuel de Anaya,13,item,valor de las 24 barras,pesos ensayados,6116.53125,VI U C XVI pº / seys mill y çiento y dies y seys pesos y quatro tomines y tres granos Ensayados En barras,valor de las 24 barras dadas a Anaya,234,high,"6116 p 4 t 3 g; plata dada en corriente, fundida por plateros"
C1.a,"Declaración de caciques y quipocamayos de Lucanas-Laramati (pareados) ante el corregidor Fernández de Velasco, juicio de residencia a Juan Manuel de Anaya, AGI Escribanía 529A f.1086r-1092r; Aucara, 6-7 sept. 1581",yes,caciques y quipocamayos de Lucanas-Laramati por la lengua (intérprete Juan Ruiz Pardo),tres primeros tercios - tiempo de Juan Manuel de Anaya,14,item,barras llevadas a ensayar,barras,23,veynte y tres barras,llevadas a ensayar/quintar a Guamanga por Anaya y los indios,234,high,
C1.a,"Declaración de caciques y quipocamayos de Lucanas-Laramati (pareados) ante el corregidor Fernández de Velasco, juicio de residencia a Juan Manuel de Anaya, AGI Escribanía 529A f.1086r-1092r; Aucara, 6-7 sept. 1581",yes,caciques y quipocamayos de Lucanas-Laramati por la lengua (intérprete Juan Ruiz Pardo),tres primeros tercios - tiempo de Juan Manuel de Anaya,15,item,barra que quedó,barras,1,la barra que aca quedo,la barra restante para el número de 24,234,high,número escrito como artículo; 23+1=24
C1.a,"Declaración de caciques y quipocamayos de Lucanas-Laramati (pareados) ante el corregidor Fernández de Velasco, juicio de residencia a Juan Manuel de Anaya, AGI Escribanía 529A f.1086r-1092r; Aucara, 6-7 sept. 1581",yes,caciques y quipocamayos de Lucanas-Laramati por la lengua (intérprete Juan Ruiz Pardo),tres primeros tercios - tiempo de Juan Manuel de Anaya,16,item,barras (número total repetido),barras,24,veynte y quatro,para el numero de las veynte y quatro,234,high,repetición
C1.a,"Declaración de caciques y quipocamayos de Lucanas-Laramati (pareados) ante el corregidor Fernández de Velasco, juicio de residencia a Juan Manuel de Anaya, AGI Escribanía 529A f.1086r-1092r; Aucara, 6-7 sept. 1581",yes,caciques y quipocamayos de Lucanas-Laramati por la lengua (intérprete Juan Ruiz Pardo),tres primeros tercios - tiempo de Juan Manuel de Anaya,17,item,valor de la barra que quedó,pesos ensayados,304.5,trezientos y quatro pesos y quatro tomines Ensayados,valor de la barra no quintada,234,high,304 p 4 t
C1.a,"Declaración de caciques y quipocamayos de Lucanas-Laramati (pareados) ante el corregidor Fernández de Velasco, juicio de residencia a Juan Manuel de Anaya, AGI Escribanía 529A f.1086r-1092r; Aucara, 6-7 sept. 1581",yes,caciques y quipocamayos de Lucanas-Laramati por la lengua (intérprete Juan Ruiz Pardo),tres primeros tercios - tiempo de Juan Manuel de Anaya,18,total,valor de las 24 barras (repetido),pesos ensayados,6116.5,seys mill y çiento y dies y seys / Quatro to[mine]s y [...]s granos Ensayados,reiteración de la suma dada a Anaya (salto de página f.1087v-1088r),235,medium,"granos rotos en el original ([...]s granos), probablemente 3 granos como arriba; quantity sin granos"
C1.a,"Declaración de caciques y quipocamayos de Lucanas-Laramati (pareados) ante el corregidor Fernández de Velasco, juicio de residencia a Juan Manuel de Anaya, AGI Escribanía 529A f.1086r-1092r; Aucara, 6-7 sept. 1581",yes,caciques y quipocamayos de Lucanas-Laramati por la lengua (intérprete Juan Ruiz Pardo),tres primeros tercios - tiempo de Juan Manuel de Anaya,19,item,refación añadida al fundir,pesos por cada 100 corrientes,40,a cada çien pesos corrientes quarenta pesos,liga/refacción echada al fundir las barras,235,high,40 por 100 (dos veces: 'quarenta pesos por çiento')
C1.a,"Declaración de caciques y quipocamayos de Lucanas-Laramati (pareados) ante el corregidor Fernández de Velasco, juicio de residencia a Juan Manuel de Anaya, AGI Escribanía 529A f.1086r-1092r; Aucara, 6-7 sept. 1581",yes,caciques y quipocamayos de Lucanas-Laramati por la lengua (intérprete Juan Ruiz Pardo),tres primeros tercios - tiempo de Juan Manuel de Anaya,20,item,barras que quedaron en poder de los oficiales reales,barras,7,siete,al quintar en Guamanga; 'no saben para que',235,high,
C1.a,"Declaración de caciques y quipocamayos de Lucanas-Laramati (pareados) ante el corregidor Fernández de Velasco, juicio de residencia a Juan Manuel de Anaya, AGI Escribanía 529A f.1086r-1092r; Aucara, 6-7 sept. 1581",yes,caciques y quipocamayos de Lucanas-Laramati por la lengua (intérprete Juan Ruiz Pardo),tres primeros tercios - tiempo de Juan Manuel de Anaya,21,item,medios pliegos de papel de cuenta,piezas,2,dos medios pliegos,papeles de cuenta de los oficiales reales exhibidos por Anaya,235,high,"no es bien tributado; siguen cuentas de Laramati, Puquio, Atunlucanas de 1579 (omitidas por los editores)"
C1.a,"Declaración de caciques y quipocamayos de Lucanas-Laramati (pareados) ante el corregidor Fernández de Velasco, juicio de residencia a Juan Manuel de Anaya, AGI Escribanía 529A f.1086r-1092r; Aucara, 6-7 sept. 1581",yes,caciques y quipocamayos de Lucanas-Laramati por la lengua (intérprete Juan Ruiz Pardo),tres primeros tercios - tiempo de Juan Manuel de Anaya,22,item,barras (repetido),barras,23,veynte y tres barras,cuentas de los oficiales reales sobre las 23 barras,235,high,repetición
C1.a,"Declaración de caciques y quipocamayos de Lucanas-Laramati (pareados) ante el corregidor Fernández de Velasco, juicio de residencia a Juan Manuel de Anaya, AGI Escribanía 529A f.1086r-1092r; Aucara, 6-7 sept. 1581",yes,caciques y quipocamayos de Lucanas-Laramati por la lengua (intérprete Juan Ruiz Pardo),tres primeros tercios - tiempo de Juan Manuel de Anaya,23,item,valor de las 23 barras según cuentas recorridas,pesos ensayados,5834.64583,cinco mill y ochoçientos y treynta y quatro pesos çinco tomines y dos granos,'quentas Recorridas valieron',235,high,5834 p 5 t 2 g
C1.a,"Declaración de caciques y quipocamayos de Lucanas-Laramati (pareados) ante el corregidor Fernández de Velasco, juicio de residencia a Juan Manuel de Anaya, AGI Escribanía 529A f.1086r-1092r; Aucara, 6-7 sept. 1581",yes,caciques y quipocamayos de Lucanas-Laramati por la lengua (intérprete Juan Ruiz Pardo),tres primeros tercios - tiempo de Juan Manuel de Anaya,24,item,valor de la barra que quedó (repetido),pesos ensayados,304.5,treçientos y quatro pesos y quatro tomines,sumado a las 23 barras,235,high,repetición
C1.a,"Declaración de caciques y quipocamayos de Lucanas-Laramati (pareados) ante el corregidor Fernández de Velasco, juicio de residencia a Juan Manuel de Anaya, AGI Escribanía 529A f.1086r-1092r; Aucara, 6-7 sept. 1581",yes,caciques y quipocamayos de Lucanas-Laramati por la lengua (intérprete Juan Ruiz Pardo),tres primeros tercios - tiempo de Juan Manuel de Anaya,25,total,suma 23 barras + 1 barra,pesos ensayados,6139.14583,seys mill y çiento y treynta y nueue pesos a un tomin y dos granos,'montan',235,high,6139 p 1 t 2 g = 5834p5t2g + 304p4t (cuadra); difiere de 6116p4t3g declarado antes
C1.a,"Declaración de caciques y quipocamayos de Lucanas-Laramati (pareados) ante el corregidor Fernández de Velasco, juicio de residencia a Juan Manuel de Anaya, AGI Escribanía 529A f.1086r-1092r; Aucara, 6-7 sept. 1581",yes,caciques y quipocamayos de Lucanas-Laramati por la lengua (intérprete Juan Ruiz Pardo),tres primeros tercios - tiempo de Juan Manuel de Anaya,26,item,barras llevadas por el quinto,barras,4,quatro barras,llevadas por los oficiales reales del quinto,235,high,
C1.a,"Declaración de caciques y quipocamayos de Lucanas-Laramati (pareados) ante el corregidor Fernández de Velasco, juicio de residencia a Juan Manuel de Anaya, AGI Escribanía 529A f.1086r-1092r; Aucara, 6-7 sept. 1581",yes,caciques y quipocamayos de Lucanas-Laramati por la lengua (intérprete Juan Ruiz Pardo),tres primeros tercios - tiempo de Juan Manuel de Anaya,27,item,valor del quinto,pesos ensayados,1135.21875,mill y ciento y treynta y çinco pesos y un tomin y nueue granos,valor de las 4 barras del quinto,235,high,1135 p 1 t 9 g
C1.a,"Declaración de caciques y quipocamayos de Lucanas-Laramati (pareados) ante el corregidor Fernández de Velasco, juicio de residencia a Juan Manuel de Anaya, AGI Escribanía 529A f.1086r-1092r; Aucara, 6-7 sept. 1581",yes,caciques y quipocamayos de Lucanas-Laramati por la lengua (intérprete Juan Ruiz Pardo),tres primeros tercios - tiempo de Juan Manuel de Anaya,28,item,pesos devueltos a los indios,pesos ensayados,5.125,çinco pesos y un tomin,devueltos a los indios por los oficiales reales,235,high,5 p 1 t
C1.a,"Declaración de caciques y quipocamayos de Lucanas-Laramati (pareados) ante el corregidor Fernández de Velasco, juicio de residencia a Juan Manuel de Anaya, AGI Escribanía 529A f.1086r-1092r; Aucara, 6-7 sept. 1581",yes,caciques y quipocamayos de Lucanas-Laramati por la lengua (intérprete Juan Ruiz Pardo),tres primeros tercios - tiempo de Juan Manuel de Anaya,29,item,suma antes del quinto (repetido),pesos ensayados,6139.14583,seys mill y çiento y treynta y nueue pesos y un tomin y dos granos,de la que se quita el quinto,235,high,repetición
C1.a,"Declaración de caciques y quipocamayos de Lucanas-Laramati (pareados) ante el corregidor Fernández de Velasco, juicio de residencia a Juan Manuel de Anaya, AGI Escribanía 529A f.1086r-1092r; Aucara, 6-7 sept. 1581",yes,caciques y quipocamayos de Lucanas-Laramati por la lengua (intérprete Juan Ruiz Pardo),tres primeros tercios - tiempo de Juan Manuel de Anaya,30,total,neto entregado a Anaya,pesos ensayados,5003.92708,çinco mill y tres pesos y siete tomines y çinco granos ensayados,'por Entrego al dicho don Juan' tras quitar el quinto,235,high,5003 p 7 t 5 g = 6139p1t2g - 1135p1t9g (cuadra exactamente en granos)
C1.a,"Declaración de caciques y quipocamayos de Lucanas-Laramati (pareados) ante el corregidor Fernández de Velasco, juicio de residencia a Juan Manuel de Anaya, AGI Escribanía 529A f.1086r-1092r; Aucara, 6-7 sept. 1581",yes,caciques y quipocamayos de Lucanas-Laramati por la lengua (intérprete Juan Ruiz Pardo),tres primeros tercios - tiempo de Juan Manuel de Anaya,31,item,barras devueltas a Hatun Lucana,barras,16,dies y seys,de las 23 llevadas a quintar,235,high,
C1.a,"Declaración de caciques y quipocamayos de Lucanas-Laramati (pareados) ante el corregidor Fernández de Velasco, juicio de residencia a Juan Manuel de Anaya, AGI Escribanía 529A f.1086r-1092r; Aucara, 6-7 sept. 1581",yes,caciques y quipocamayos de Lucanas-Laramati por la lengua (intérprete Juan Ruiz Pardo),tres primeros tercios - tiempo de Juan Manuel de Anaya,32,item,barras traídas (repetido),barras,16,dies y seys,'pues trujeron dies y seys',236,high,repetición
C1.a,"Declaración de caciques y quipocamayos de Lucanas-Laramati (pareados) ante el corregidor Fernández de Velasco, juicio de residencia a Juan Manuel de Anaya, AGI Escribanía 529A f.1086r-1092r; Aucara, 6-7 sept. 1581",yes,caciques y quipocamayos de Lucanas-Laramati por la lengua (intérprete Juan Ruiz Pardo),tres primeros tercios - tiempo de Juan Manuel de Anaya,33,item,barras dadas al quinto (repetido),barras,4,quatro,'dieron quatro al quinto',236,high,repetición
C1.a,"Declaración de caciques y quipocamayos de Lucanas-Laramati (pareados) ante el corregidor Fernández de Velasco, juicio de residencia a Juan Manuel de Anaya, AGI Escribanía 529A f.1086r-1092r; Aucara, 6-7 sept. 1581",yes,caciques y quipocamayos de Lucanas-Laramati por la lengua (intérprete Juan Ruiz Pardo),tres primeros tercios - tiempo de Juan Manuel de Anaya,34,item,barras que quedaron con el tesorero,barras,3,las otras tres barras,"en poder del tesorero, 'no saben para que'",236,high,16+4+3=23
C1.a,"Declaración de caciques y quipocamayos de Lucanas-Laramati (pareados) ante el corregidor Fernández de Velasco, juicio de residencia a Juan Manuel de Anaya, AGI Escribanía 529A f.1086r-1092r; Aucara, 6-7 sept. 1581",yes,caciques y quipocamayos de Lucanas-Laramati por la lengua (intérprete Juan Ruiz Pardo),tres primeros tercios - tiempo de Juan Manuel de Anaya,35,item,libramiento al tesorero,pesos ensayados,705.25,seteçientos y çinco pesos y dos tomines de plata Ensayada y marcada,libramiento de Anaya para que los indios pagasen al tesorero Garci Núñez Vela,236,high,705 p 2 t; se descuenta de la paga de especies (maíz)
C1.a,"Declaración de caciques y quipocamayos de Lucanas-Laramati (pareados) ante el corregidor Fernández de Velasco, juicio de residencia a Juan Manuel de Anaya, AGI Escribanía 529A f.1086r-1092r; Aucara, 6-7 sept. 1581",yes,caciques y quipocamayos de Lucanas-Laramati por la lengua (intérprete Juan Ruiz Pardo),tres primeros tercios - tiempo de Juan Manuel de Anaya,36,item,barras (repetido),barras,3,las tres barras que faltan,de ellas se pagó el libramiento,236,high,repetición
C1.a,"Declaración de caciques y quipocamayos de Lucanas-Laramati (pareados) ante el corregidor Fernández de Velasco, juicio de residencia a Juan Manuel de Anaya, AGI Escribanía 529A f.1086r-1092r; Aucara, 6-7 sept. 1581",yes,caciques y quipocamayos de Lucanas-Laramati por la lengua (intérprete Juan Ruiz Pardo),tres primeros tercios - tiempo de Juan Manuel de Anaya,37,item,plata en reales dada a Anaya,pesos ensayados,3065.16667,iiiU lxv pº 1.4. (margen) / tres mill y sesenta y çinco pesos un tomin y quatro granos En Reales,dada a Anaya en los tres primeros tercios; con ello 'acabaron de ajustar' la plata de tributos,236,high,3065 p 1 t 4 g; margen y texto concuerdan
C1.a,"Declaración de caciques y quipocamayos de Lucanas-Laramati (pareados) ante el corregidor Fernández de Velasco, juicio de residencia a Juan Manuel de Anaya, AGI Escribanía 529A f.1086r-1092r; Aucara, 6-7 sept. 1581",yes,caciques y quipocamayos de Lucanas-Laramati por la lengua (intérprete Juan Ruiz Pardo),tres primeros tercios - tiempo de Juan Manuel de Anaya,38,item,reales por peso ensayado,reales por peso,12.5,de a doze y medio El peso,tipo de conversión,236,high,
C1.a,"Declaración de caciques y quipocamayos de Lucanas-Laramati (pareados) ante el corregidor Fernández de Velasco, juicio de residencia a Juan Manuel de Anaya, AGI Escribanía 529A f.1086r-1092r; Aucara, 6-7 sept. 1581",yes,caciques y quipocamayos de Lucanas-Laramati por la lengua (intérprete Juan Ruiz Pardo),tres tercios restantes (Anaya),39,item,barras de plata,barras,5,çinco barras,"pagadas a Anaya o por su mandado, tres tercios restantes",236,high,
C1.a,"Declaración de caciques y quipocamayos de Lucanas-Laramati (pareados) ante el corregidor Fernández de Velasco, juicio de residencia a Juan Manuel de Anaya, AGI Escribanía 529A f.1086r-1092r; Aucara, 6-7 sept. 1581",yes,caciques y quipocamayos de Lucanas-Laramati por la lengua (intérprete Juan Ruiz Pardo),tres tercios restantes (Anaya),40,item,valor de las 5 barras,pesos ensayados,1533.05208,mill y quinientos y treynta y tres pesos y çinco granos ensayados,tres tercios restantes,236,high,1533 p 0 t 5 g
C1.a,"Declaración de caciques y quipocamayos de Lucanas-Laramati (pareados) ante el corregidor Fernández de Velasco, juicio de residencia a Juan Manuel de Anaya, AGI Escribanía 529A f.1086r-1092r; Aucara, 6-7 sept. 1581",yes,caciques y quipocamayos de Lucanas-Laramati por la lengua (intérprete Juan Ruiz Pardo),tres tercios restantes (Anaya),41,item,plata en reales,pesos ensayados,9464.42708,ixU cccc lx iiii pº 3.5. (margen) / nueve mill y quatroçientos y sesenta y quatro pesos y tres tomines y çinco pesos [sic] ensayados,"'por quenta de tributos', tres tercios restantes",236,high,9464 p 3 t 5 g; el texto dice 'çinco pesos' por 'çinco granos' (margen 3.5 lo aclara)
C1.a,"Declaración de caciques y quipocamayos de Lucanas-Laramati (pareados) ante el corregidor Fernández de Velasco, juicio de residencia a Juan Manuel de Anaya, AGI Escribanía 529A f.1086r-1092r; Aucara, 6-7 sept. 1581",yes,caciques y quipocamayos de Lucanas-Laramati por la lengua (intérprete Juan Ruiz Pardo),tres tercios restantes (Anaya),42,item,reales por peso ensayado,reales por peso,12.5,a doze reales y medio cada peso,tipo de conversión,236,high,
C1.a,"Declaración de caciques y quipocamayos de Lucanas-Laramati (pareados) ante el corregidor Fernández de Velasco, juicio de residencia a Juan Manuel de Anaya, AGI Escribanía 529A f.1086r-1092r; Aucara, 6-7 sept. 1581",yes,caciques y quipocamayos de Lucanas-Laramati por la lengua (intérprete Juan Ruiz Pardo),carneros de los seis tercios (7 sept. 1581),43,item,carneros de la tierra en especie,cabezas,997,997 (margen) / noveçientos y noventa y siete carneros de la tierra En espeçie,"todos los seis tercios (Vega + Anaya), entregados por sus tercios a Juan de Arue, cobrador de don Pedro de Córdoba",237,high,respuesta traída al día siguiente tras 'por la mañana trayran la quenta y quipo'
C1.a,"Declaración de caciques y quipocamayos de Lucanas-Laramati (pareados) ante el corregidor Fernández de Velasco, juicio de residencia a Juan Manuel de Anaya, AGI Escribanía 529A f.1086r-1092r; Aucara, 6-7 sept. 1581",yes,caciques y quipocamayos de Lucanas-Laramati por la lengua (intérprete Juan Ruiz Pardo),carneros de los seis tercios (7 sept. 1581),44,item,carneros pagados en dinero,cabezas,653,seiçientos y çinquenta y tres carneros a dinero,seis tercios,237,high,"997+653=1650 = 6 tercios x 275 (cálculo nuestro, no en el texto)"
C1.a,"Declaración de caciques y quipocamayos de Lucanas-Laramati (pareados) ante el corregidor Fernández de Velasco, juicio de residencia a Juan Manuel de Anaya, AGI Escribanía 529A f.1086r-1092r; Aucara, 6-7 sept. 1581",yes,caciques y quipocamayos de Lucanas-Laramati por la lengua (intérprete Juan Ruiz Pardo),carneros de los seis tercios (7 sept. 1581),45,item,precio por cabeza de carnero,pesos ensayados,2,dos pesos En ensayado cada cabeça,conmutación en dinero,237,high,
C1.a,"Declaración de caciques y quipocamayos de Lucanas-Laramati (pareados) ante el corregidor Fernández de Velasco, juicio de residencia a Juan Manuel de Anaya, AGI Escribanía 529A f.1086r-1092r; Aucara, 6-7 sept. 1581",yes,caciques y quipocamayos de Lucanas-Laramati por la lengua (intérprete Juan Ruiz Pardo),carneros de los seis tercios (7 sept. 1581),46,item,pesos de carneros pagados en barras,pesos ensayados,341,treçientos y quarenta y un pesos,parte de los 653 carneros a dinero pagada en barras; lo restante en reales,237,high,
C1.a,"Declaración de caciques y quipocamayos de Lucanas-Laramati (pareados) ante el corregidor Fernández de Velasco, juicio de residencia a Juan Manuel de Anaya, AGI Escribanía 529A f.1086r-1092r; Aucara, 6-7 sept. 1581",yes,caciques y quipocamayos de Lucanas-Laramati por la lengua (intérprete Juan Ruiz Pardo),carneros de los seis tercios (7 sept. 1581),47,item,reales por peso ensayado,reales por peso,12.5,a doze Reales y medio El peso,tipo de conversión,237,high,
C1.a,"Declaración de caciques y quipocamayos de Lucanas-Laramati (pareados) ante el corregidor Fernández de Velasco, juicio de residencia a Juan Manuel de Anaya, AGI Escribanía 529A f.1086r-1092r; Aucara, 6-7 sept. 1581",yes,caciques y quipocamayos de Lucanas-Laramati por la lengua (intérprete Juan Ruiz Pardo),carneros de los seis tercios (7 sept. 1581),48,item,pesos de carneros en barras (repetido),pesos ensayados,341,treçientos y quarenta y un pesos de barras,pagados por libramiento de Anaya al tesorero en Guancavelica al quintar las 23 barras,237,high,repetición
C1.a,"Declaración de caciques y quipocamayos de Lucanas-Laramati (pareados) ante el corregidor Fernández de Velasco, juicio de residencia a Juan Manuel de Anaya, AGI Escribanía 529A f.1086r-1092r; Aucara, 6-7 sept. 1581",yes,caciques y quipocamayos de Lucanas-Laramati por la lengua (intérprete Juan Ruiz Pardo),carneros de los seis tercios (7 sept. 1581),49,item,barras (repetido),barras,23,veinte y tres barras,al tiempo del quinto,237,high,repetición
C1.a,"Declaración de caciques y quipocamayos de Lucanas-Laramati (pareados) ante el corregidor Fernández de Velasco, juicio de residencia a Juan Manuel de Anaya, AGI Escribanía 529A f.1086r-1092r; Aucara, 6-7 sept. 1581",yes,caciques y quipocamayos de Lucanas-Laramati por la lengua (intérprete Juan Ruiz Pardo),carneros de los seis tercios (7 sept. 1581),50,item,pesos adicionales pagados con la plata de los carneros,pesos ensayados,265.125,doziento[s] y sesenta y çinco pesos y un tomin,pagados de más y recibidos en cuenta de tributos por Anaya,238,high,265 p 1 t
C1.b,"Petición de los curacas y principales del repartimiento de los Lucanas (encomendados en don Pedro de Córdoba) sobre la paga de carneros, juicio de residencia a Anaya, AGI Escribanía 529A f.1096r-1097v; Aucara, 9 sept. 1581",probable,"curacas y principales de Lucanas-Laramati (firman Alonso Ancasella, García Paytanano, Francisco Hernández Poma Guama, Juan Guancarilla, Gonzalo Guarcaya, Cristóbal Uchuqui, Hernando Choquepaucara, Carlos Quiyapoma, Antonio Aymas)",paga de carneros por tercios,1,item,precio por cabeza de carnero (tasa),pesos ensayados,2,dos pesos Ensayados cada cabeça,según la nueva tasa,238,high,
C1.b,"Petición de los curacas y principales del repartimiento de los Lucanas (encomendados en don Pedro de Córdoba) sobre la paga de carneros, juicio de residencia a Anaya, AGI Escribanía 529A f.1096r-1097v; Aucara, 9 sept. 1581",probable,"curacas y principales de Lucanas-Laramati (firman Alonso Ancasella, García Paytanano, Francisco Hernández Poma Guama, Juan Guancarilla, Gonzalo Guarcaya, Cristóbal Uchuqui, Hernando Choquepaucara, Carlos Quiyapoma, Antonio Aymas)",paga de carneros por tercios,2,subtotal,carneros primer tercio,cabezas,275,275 (margen) / duçientos y setenta y sinco car[n]eros de la tierra,primer tercio de la tasa nueva,239,high,margen '275' en f.1096v
C1.b,"Petición de los curacas y principales del repartimiento de los Lucanas (encomendados en don Pedro de Córdoba) sobre la paga de carneros, juicio de residencia a Anaya, AGI Escribanía 529A f.1096r-1097v; Aucara, 9 sept. 1581",probable,"curacas y principales de Lucanas-Laramati (firman Alonso Ancasella, García Paytanano, Francisco Hernández Poma Guama, Juan Guancarilla, Gonzalo Guarcaya, Cristóbal Uchuqui, Hernando Choquepaucara, Carlos Quiyapoma, Antonio Aymas)",paga de carneros por tercios,3,item,carneros primer tercio en especie,cabezas,274,ducientos y setenta y quatro en los dichos carneros,primer tercio,239,high,
C1.b,"Petición de los curacas y principales del repartimiento de los Lucanas (encomendados en don Pedro de Córdoba) sobre la paga de carneros, juicio de residencia a Anaya, AGI Escribanía 529A f.1096r-1097v; Aucara, 9 sept. 1581",probable,"curacas y principales de Lucanas-Laramati (firman Alonso Ancasella, García Paytanano, Francisco Hernández Poma Guama, Juan Guancarilla, Gonzalo Guarcaya, Cristóbal Uchuqui, Hernando Choquepaucara, Carlos Quiyapoma, Antonio Aymas)",paga de carneros por tercios,4,item,carneros primer tercio en plata,cabezas,1,"uno pa-[garon en plata, roto]",primer tercio,239,medium,texto roto; por paralelo con los tercios 2 y 4: 1 pagado en plata (por los yungas)
C1.b,"Petición de los curacas y principales del repartimiento de los Lucanas (encomendados en don Pedro de Córdoba) sobre la paga de carneros, juicio de residencia a Anaya, AGI Escribanía 529A f.1096r-1097v; Aucara, 9 sept. 1581",probable,"curacas y principales de Lucanas-Laramati (firman Alonso Ancasella, García Paytanano, Francisco Hernández Poma Guama, Juan Guancarilla, Gonzalo Guarcaya, Cristóbal Uchuqui, Hernando Choquepaucara, Carlos Quiyapoma, Antonio Aymas)",paga de carneros por tercios,5,item,carneros segundo tercio en especie,cabezas,274,274 (margen) / duçientos y setenta y quatro carneros especi[e],segundo tercio,239,high,
C1.b,"Petición de los curacas y principales del repartimiento de los Lucanas (encomendados en don Pedro de Córdoba) sobre la paga de carneros, juicio de residencia a Anaya, AGI Escribanía 529A f.1096r-1097v; Aucara, 9 sept. 1581",probable,"curacas y principales de Lucanas-Laramati (firman Alonso Ancasella, García Paytanano, Francisco Hernández Poma Guama, Juan Guancarilla, Gonzalo Guarcaya, Cristóbal Uchuqui, Hernando Choquepaucara, Carlos Quiyapoma, Antonio Aymas)",paga de carneros por tercios,6,item,carneros segundo tercio en plata,cabezas,1,uno en Plata,"segundo tercio, pagado por los yungas",239,high,
C1.b,"Petición de los curacas y principales del repartimiento de los Lucanas (encomendados en don Pedro de Córdoba) sobre la paga de carneros, juicio de residencia a Anaya, AGI Escribanía 529A f.1096r-1097v; Aucara, 9 sept. 1581",probable,"curacas y principales de Lucanas-Laramati (firman Alonso Ancasella, García Paytanano, Francisco Hernández Poma Guama, Juan Guancarilla, Gonzalo Guarcaya, Cristóbal Uchuqui, Hernando Choquepaucara, Carlos Quiyapoma, Antonio Aymas)",paga de carneros por tercios,7,subtotal,cifra marginal izquierda,cabezas,275,275 (margen izquierdo),junto a la partida del tercer tercio / fin del segundo,239,medium,ubicación ambigua en la maquetación: puede ser total del 2º tercio (274+1) o duplicado del 3º
C1.b,"Petición de los curacas y principales del repartimiento de los Lucanas (encomendados en don Pedro de Córdoba) sobre la paga de carneros, juicio de residencia a Anaya, AGI Escribanía 529A f.1096r-1097v; Aucara, 9 sept. 1581",probable,"curacas y principales de Lucanas-Laramati (firman Alonso Ancasella, García Paytanano, Francisco Hernández Poma Guama, Juan Guancarilla, Gonzalo Guarcaya, Cristóbal Uchuqui, Hernando Choquepaucara, Carlos Quiyapoma, Antonio Aymas)",paga de carneros por tercios,8,item,carneros tercer tercio pagados en reales,cabezas,275,275 (margen) / duçientos y setenta y çinco En Reales,"tercer tercio, dados en Hatun Lucana",239,high,a 2 pesos ensayados c/u de a 12.5 reales
C1.b,"Petición de los curacas y principales del repartimiento de los Lucanas (encomendados en don Pedro de Córdoba) sobre la paga de carneros, juicio de residencia a Anaya, AGI Escribanía 529A f.1096r-1097v; Aucara, 9 sept. 1581",probable,"curacas y principales de Lucanas-Laramati (firman Alonso Ancasella, García Paytanano, Francisco Hernández Poma Guama, Juan Guancarilla, Gonzalo Guarcaya, Cristóbal Uchuqui, Hernando Choquepaucara, Carlos Quiyapoma, Antonio Aymas)",paga de carneros por tercios,9,item,precio por cabeza de carnero,pesos ensayados,2,dos pesos Enssayados por cada uno,tercer tercio,239,high,
C1.b,"Petición de los curacas y principales del repartimiento de los Lucanas (encomendados en don Pedro de Córdoba) sobre la paga de carneros, juicio de residencia a Anaya, AGI Escribanía 529A f.1096r-1097v; Aucara, 9 sept. 1581",probable,"curacas y principales de Lucanas-Laramati (firman Alonso Ancasella, García Paytanano, Francisco Hernández Poma Guama, Juan Guancarilla, Gonzalo Guarcaya, Cristóbal Uchuqui, Hernando Choquepaucara, Carlos Quiyapoma, Antonio Aymas)",paga de carneros por tercios,10,item,reales por peso ensayado,reales por peso,12.5,de a doze Reales y medio cada peso,tipo de conversión,239,high,
C1.b,"Petición de los curacas y principales del repartimiento de los Lucanas (encomendados en don Pedro de Córdoba) sobre la paga de carneros, juicio de residencia a Anaya, AGI Escribanía 529A f.1096r-1097v; Aucara, 9 sept. 1581",probable,"curacas y principales de Lucanas-Laramati (firman Alonso Ancasella, García Paytanano, Francisco Hernández Poma Guama, Juan Guancarilla, Gonzalo Guarcaya, Cristóbal Uchuqui, Hernando Choquepaucara, Carlos Quiyapoma, Antonio Aymas)",paga de carneros por tercios,11,item,barras (repetido),barras,23,ueynte y tres barras,llevadas a quintar a la caja de Guancavelica,239,high,
C1.b,"Petición de los curacas y principales del repartimiento de los Lucanas (encomendados en don Pedro de Córdoba) sobre la paga de carneros, juicio de residencia a Anaya, AGI Escribanía 529A f.1096r-1097v; Aucara, 9 sept. 1581",probable,"curacas y principales de Lucanas-Laramati (firman Alonso Ancasella, García Paytanano, Francisco Hernández Poma Guama, Juan Guancarilla, Gonzalo Guarcaya, Cristóbal Uchuqui, Hernando Choquepaucara, Carlos Quiyapoma, Antonio Aymas)",paga de carneros por tercios,12,item,libramiento de carneros al tesorero,pesos ensayados,323.5,treçientos y veynte y tres pesos y quatro tomines de plata Ensayada de carneros,libramiento de Anaya a los llaveros de la caja de Hatun Lucana para el tesorero Garci Núñez Vela; reclamado como cobro indebido,239,high,323 p 4 t; difiere de 341 p en C1.a
C1.b,"Petición de los curacas y principales del repartimiento de los Lucanas (encomendados en don Pedro de Córdoba) sobre la paga de carneros, juicio de residencia a Anaya, AGI Escribanía 529A f.1096r-1097v; Aucara, 9 sept. 1581",probable,"curacas y principales de Lucanas-Laramati (firman Alonso Ancasella, García Paytanano, Francisco Hernández Poma Guama, Juan Guancarilla, Gonzalo Guarcaya, Cristóbal Uchuqui, Hernando Choquepaucara, Carlos Quiyapoma, Antonio Aymas)",paga de carneros por tercios,13,item,libramiento de carneros (repetido),pesos ensayados,323.5,treçientos y veynte y tres pesos y quatro tomines,'nos quitaron y llevaron ... sin deuellos',239,high,repetición
C1.b,"Petición de los curacas y principales del repartimiento de los Lucanas (encomendados en don Pedro de Córdoba) sobre la paga de carneros, juicio de residencia a Anaya, AGI Escribanía 529A f.1096r-1097v; Aucara, 9 sept. 1581",probable,"curacas y principales de Lucanas-Laramati (firman Alonso Ancasella, García Paytanano, Francisco Hernández Poma Guama, Juan Guancarilla, Gonzalo Guarcaya, Cristóbal Uchuqui, Hernando Choquepaucara, Carlos Quiyapoma, Antonio Aymas)",paga de carneros por tercios,14,subtotal,cifra marginal,cabezas,275,275 (margen f.1097),al margen al inicio de f.1097 (antes del cuarto tercio),239,medium,probablemente total del 4º tercio
C1.b,"Petición de los curacas y principales del repartimiento de los Lucanas (encomendados en don Pedro de Córdoba) sobre la paga de carneros, juicio de residencia a Anaya, AGI Escribanía 529A f.1096r-1097v; Aucara, 9 sept. 1581",probable,"curacas y principales de Lucanas-Laramati (firman Alonso Ancasella, García Paytanano, Francisco Hernández Poma Guama, Juan Guancarilla, Gonzalo Guarcaya, Cristóbal Uchuqui, Hernando Choquepaucara, Carlos Quiyapoma, Antonio Aymas)",paga de carneros por tercios,15,item,cifra marginal,cabezas,274,274 (margen f.1097),al margen al inicio de f.1097,239,medium,probablemente 4º tercio en especie
C1.b,"Petición de los curacas y principales del repartimiento de los Lucanas (encomendados en don Pedro de Córdoba) sobre la paga de carneros, juicio de residencia a Anaya, AGI Escribanía 529A f.1096r-1097v; Aucara, 9 sept. 1581",probable,"curacas y principales de Lucanas-Laramati (firman Alonso Ancasella, García Paytanano, Francisco Hernández Poma Guama, Juan Guancarilla, Gonzalo Guarcaya, Cristóbal Uchuqui, Hernando Choquepaucara, Carlos Quiyapoma, Antonio Aymas)",paga de carneros por tercios,16,item,carneros cuarto tercio en especie,cabezas,274,duçientos y setenta y quatro carneros En carneros,cuarto tercio,239,high,
C1.b,"Petición de los curacas y principales del repartimiento de los Lucanas (encomendados en don Pedro de Córdoba) sobre la paga de carneros, juicio de residencia a Anaya, AGI Escribanía 529A f.1096r-1097v; Aucara, 9 sept. 1581",probable,"curacas y principales de Lucanas-Laramati (firman Alonso Ancasella, García Paytanano, Francisco Hernández Poma Guama, Juan Guancarilla, Gonzalo Guarcaya, Cristóbal Uchuqui, Hernando Choquepaucara, Carlos Quiyapoma, Antonio Aymas)",paga de carneros por tercios,17,item,carneros cuarto tercio en plata,cabezas,1,uno pagaron los dichos yungas en plata,cuarto tercio,239,high,
C1.b,"Petición de los curacas y principales del repartimiento de los Lucanas (encomendados en don Pedro de Córdoba) sobre la paga de carneros, juicio de residencia a Anaya, AGI Escribanía 529A f.1096r-1097v; Aucara, 9 sept. 1581",probable,"curacas y principales de Lucanas-Laramati (firman Alonso Ancasella, García Paytanano, Francisco Hernández Poma Guama, Juan Guancarilla, Gonzalo Guarcaya, Cristóbal Uchuqui, Hernando Choquepaucara, Carlos Quiyapoma, Antonio Aymas)",paga de carneros por tercios,18,item,carneros quinto tercio en especie,cabezas,275,275 (margen) / duçientos y setenta y cinco carneros En carneros,"quinto tercio, dados a Anaya",239,high,
C1.b,"Petición de los curacas y principales del repartimiento de los Lucanas (encomendados en don Pedro de Córdoba) sobre la paga de carneros, juicio de residencia a Anaya, AGI Escribanía 529A f.1096r-1097v; Aucara, 9 sept. 1581",probable,"curacas y principales de Lucanas-Laramati (firman Alonso Ancasella, García Paytanano, Francisco Hernández Poma Guama, Juan Guancarilla, Gonzalo Guarcaya, Cristóbal Uchuqui, Hernando Choquepaucara, Carlos Quiyapoma, Antonio Aymas)",paga de carneros por tercios,19,item,carneros sexto tercio en especie,cabezas,197,197 (margen) / çiento y nouenta y siete carneros En carneros,sexto y último tercio,240,high,
C1.b,"Petición de los curacas y principales del repartimiento de los Lucanas (encomendados en don Pedro de Córdoba) sobre la paga de carneros, juicio de residencia a Anaya, AGI Escribanía 529A f.1096r-1097v; Aucara, 9 sept. 1581",probable,"curacas y principales de Lucanas-Laramati (firman Alonso Ancasella, García Paytanano, Francisco Hernández Poma Guama, Juan Guancarilla, Gonzalo Guarcaya, Cristóbal Uchuqui, Hernando Choquepaucara, Carlos Quiyapoma, Antonio Aymas)",paga de carneros por tercios,20,item,cifra marginal dudosa,cabezas,175,175 (margen),"al margen del sexto tercio, entre 197 y 275",240,low,no cuadra con el texto (faltan 78); posible error de impresión/lectura por 78 o 75
C1.b,"Petición de los curacas y principales del repartimiento de los Lucanas (encomendados en don Pedro de Córdoba) sobre la paga de carneros, juicio de residencia a Anaya, AGI Escribanía 529A f.1096r-1097v; Aucara, 9 sept. 1581",probable,"curacas y principales de Lucanas-Laramati (firman Alonso Ancasella, García Paytanano, Francisco Hernández Poma Guama, Juan Guancarilla, Gonzalo Guarcaya, Cristóbal Uchuqui, Hernando Choquepaucara, Carlos Quiyapoma, Antonio Aymas)",paga de carneros por tercios,21,subtotal,carneros obligados por tercio,cabezas,275,275 (margen) / duçientos y setenta y çinco carneros que somos obligados a dar En cada terçio,cuota por tercio,240,high,
C1.b,"Petición de los curacas y principales del repartimiento de los Lucanas (encomendados en don Pedro de Córdoba) sobre la paga de carneros, juicio de residencia a Anaya, AGI Escribanía 529A f.1096r-1097v; Aucara, 9 sept. 1581",probable,"curacas y principales de Lucanas-Laramati (firman Alonso Ancasella, García Paytanano, Francisco Hernández Poma Guama, Juan Guancarilla, Gonzalo Guarcaya, Cristóbal Uchuqui, Hernando Choquepaucara, Carlos Quiyapoma, Antonio Aymas)",paga de carneros por tercios,22,item,carneros sexto tercio pagados en reales,cabezas,78,setenta y ocho,"faltantes a cumplimiento de 275, pagados en reales",240,high,197+78=275
C1.b,"Petición de los curacas y principales del repartimiento de los Lucanas (encomendados en don Pedro de Córdoba) sobre la paga de carneros, juicio de residencia a Anaya, AGI Escribanía 529A f.1096r-1097v; Aucara, 9 sept. 1581",probable,"curacas y principales de Lucanas-Laramati (firman Alonso Ancasella, García Paytanano, Francisco Hernández Poma Guama, Juan Guancarilla, Gonzalo Guarcaya, Cristóbal Uchuqui, Hernando Choquepaucara, Carlos Quiyapoma, Antonio Aymas)",paga de carneros por tercios,23,item,precio por cabeza de carnero,pesos ensayados,2,dos pesos ensayados,sexto tercio,240,high,
C1.b,"Petición de los curacas y principales del repartimiento de los Lucanas (encomendados en don Pedro de Córdoba) sobre la paga de carneros, juicio de residencia a Anaya, AGI Escribanía 529A f.1096r-1097v; Aucara, 9 sept. 1581",probable,"curacas y principales de Lucanas-Laramati (firman Alonso Ancasella, García Paytanano, Francisco Hernández Poma Guama, Juan Guancarilla, Gonzalo Guarcaya, Cristóbal Uchuqui, Hernando Choquepaucara, Carlos Quiyapoma, Antonio Aymas)",paga de carneros por tercios,24,item,reales por peso ensayado,reales por peso,12.5,de a doze Reales y medio cada peso,tipo de conversión,240,high,
C1.b,"Petición de los curacas y principales del repartimiento de los Lucanas (encomendados en don Pedro de Córdoba) sobre la paga de carneros, juicio de residencia a Anaya, AGI Escribanía 529A f.1096r-1097v; Aucara, 9 sept. 1581",probable,"curacas y principales de Lucanas-Laramati (firman Alonso Ancasella, García Paytanano, Francisco Hernández Poma Guama, Juan Guancarilla, Gonzalo Guarcaya, Cristóbal Uchuqui, Hernando Choquepaucara, Carlos Quiyapoma, Antonio Aymas)",agravio en el precio,25,item,precio de tasa por carnero,reales,25,ueynte y çinco Reales,con lo que cumplían por cada carnero (= 2 pesos x 12.5 reales),240,high,
C1.b,"Petición de los curacas y principales del repartimiento de los Lucanas (encomendados en don Pedro de Córdoba) sobre la paga de carneros, juicio de residencia a Anaya, AGI Escribanía 529A f.1096r-1097v; Aucara, 9 sept. 1581",probable,"curacas y principales de Lucanas-Laramati (firman Alonso Ancasella, García Paytanano, Francisco Hernández Poma Guama, Juan Guancarilla, Gonzalo Guarcaya, Cristóbal Uchuqui, Hernando Choquepaucara, Carlos Quiyapoma, Antonio Aymas)",agravio en el precio,26,item,precio de venta por carnero,reales,45,[...]renta y çinco reales,precio al que Anaya vendió los carneros a Gaspar de Solís y Francisco de Mansilla,240,medium,inicio roto; '-renta' solo encaja con 'quarenta' => 45
