khipu_id,okr_num,inv_num,cord_id,parent_id,level,order,sib_ordinal,group,value,n_knots,color,attachment,twist,length,termination
9000297,KH0675,UR297,9000297_1,,1,1,,1,0,,AB,V,,37.0,K
9000297,KH0675,UR297,9000297_2,,1,2,,1,0,,AB,V,,32.0,K
9000297,KH0675,UR297,9000297_3,,1,3,,1,0,,AB,V,,28.0,K
9000297,KH0675,UR297,9000297_4,,1,4,,1,0,,YB,V,,37.0r,
9000297,KH0675,UR297,9000297_5,,1,5,,1,10,,YB,V,,26.0,K
9000297,KH0675,UR297,9000297_5s1,9000297_5,2,5006,,,2,,YB,U,,33.5,K
9000297,KH0675,UR297,9000297_6,,1,6,,1,26,,AB,V,,26.5,K
9000297,KH0675,UR297,9000297_6s1,9000297_6,2,6008,,,0,,EB,U,,30.0,K
9000297,KH0675,UR297,9000297_7,,1,7,,1,12,,AB,V,,23.0,K
9000297,KH0675,UR297,9000297_8,,1,8,,1,0,,W:KB,V,,58.0,K
9000297,KH0675,UR297,9000297_9,,1,9,,1,0,,AB:KB,V,,26.0,B
9000297,KH0675,UR297,9000297_10,,1,10,,1,0,,AB,V,,27.5,K
9000297,KH0675,UR297,9000297_11,,1,11,,1,4,,AB:W,V,,37.0,K
9000297,KH0675,UR297,9000297_12,,1,12,,2,3,,MG,V,,33.5,K
9000297,KH0675,UR297,9000297_13,,1,13,,2,0,,MG,V,,3.0,B
9000297,KH0675,UR297,9000297_14,,1,14,,2,3,,W,V,,30.5,K
9000297,KH0675,UR297,9000297_15,,1,15,,2,0,,MG,V,,30.5r,
9000297,KH0675,UR297,9000297_16,,1,16,,2,0,,MG:MB,V,,5.0,B
9000297,KH0675,UR297,9000297_17,,1,17,,2,3,,MG,V,,37.0,B
9000297,KH0675,UR297,9000297_18,,1,18,,2,45,,MG,V,,23.5,K
9000297,KH0675,UR297,9000297_19,,1,19,,2,0,,MG,V,,13.0,B
9000297,KH0675,UR297,9000297_20,,1,20,,2,3,,MG,V,,30.0,K
9000297,KH0675,UR297,9000297_21,,1,21,,2,3,,MG,V,,34.0,K
9000297,KH0675,UR297,9000297_22,,1,22,,2,10,,MG,V,,31.5,K
9000297,KH0675,UR297,9000297_22s1,9000297_22,2,22025,,,3,,W,U,,26.0,K
9000297,KH0675,UR297,9000297_22s2,9000297_22,2,22026,,,15,,YB,U,,35.0,K
9000297,KH0675,UR297,9000297_23,,1,23,,3,4,,W:MB,V,,38.5,K
9000297,KH0675,UR297,9000297_24,,1,24,,3,4,,DG,V,,37.0,B
9000297,KH0675,UR297,9000297_25,,1,25,,3,13,,MG,V,,34.0,K
9000297,KH0675,UR297,9000297_25s1,9000297_25,2,25030,,,1,,W,U,,34.5,K
9000297,KH0675,UR297,9000297_26,,1,26,,3,10,,MG,V,,38.0,B
9000297,KH0675,UR297,9000297_27,,1,27,,3,13,,MG,V,,48.0,K
9000297,KH0675,UR297,9000297_27s1,9000297_27,2,27033,,,10,,W,U,,47.5,K
9000297,KH0675,UR297,9000297_28,,1,28,,3,4,,MG,V,,27.5,B
9000297,KH0675,UR297,9000297_29,,1,29,,3,810,,MB:AB,V,,30.0,K
9000297,KH0675,UR297,9000297_29s1,9000297_29,2,29036,,,54,,W,U,,23.5,K
9000297,KH0675,UR297,9000297_29s2,9000297_29,2,29037,,,0,,DO,U,,30.0,B
9000297,KH0675,UR297,9000297_29s3,9000297_29,2,29038,,,30,,MB:W,U,,36.0,K
9000297,KH0675,UR297,9000297_29s4,9000297_29,2,29039,,,3,,MB,U,,15.0,K
9000297,KH0675,UR297,9000297_30,,1,30,,3,8,,YB,V,,31.5,K
9000297,KH0675,UR297,9000297_30s1,9000297_30,2,30041,,,10,,W,U,,43.5,K
9000297,KH0675,UR297,9000297_31,,1,31,,3,13,,YB,V,,38.5,B
9000297,KH0675,UR297,9000297_31s1,9000297_31,2,31043,,,10,,W,U,,40.0,K
9000297,KH0675,UR297,9000297_32,,1,32,,3,4,,YB:W,V,,42.0,B
9000297,KH0675,UR297,9000297_33,,1,33,,3,22,,MG,V,,43.0,K
9000297,KH0675,UR297,9000297_33s1,9000297_33,2,33046,,,60,,AB,U,,27.5,K
9000297,KH0675,UR297,9000297_33s2,9000297_33,2,33047,,,14,,YB,U,,32.0,K
9000297,KH0675,UR297,9000297_33s2s1,9000297_33s2,3,33048,,,10,,W,U,,28.0,K
9000297,KH0675,UR297,9000297_34,,1,34,,4,8,,YB,V,,36.0,K
9000297,KH0675,UR297,9000297_34s1,9000297_34,2,34050,,,2,,W,U,,29.5,K
9000297,KH0675,UR297,9000297_35,,1,35,,4,6,,YB,V,,35.5,K
9000297,KH0675,UR297,9000297_35s1,9000297_35,2,35052,,,2,,W,U,,30.0,K
9000297,KH0675,UR297,9000297_36,,1,36,,4,30,,DG,V,,33.5,K
9000297,KH0675,UR297,9000297_36s1,9000297_36,2,36054,,,0,,W,U,,29.0,K
9000297,KH0675,UR297,9000297_36s2,9000297_36,2,36055,,,0,,MB,U,,25.5,K
9000297,KH0675,UR297,9000297_36s1s1,9000297_36s1,3,36056,,,0,,MB,U,,0.0,B
9000297,KH0675,UR297,9000297_37,,1,37,,4,0,,W:AB,V,,46.5,K
9000297,KH0675,UR297,9000297_37s1,9000297_37,2,37058,,,0,,W,U,,33.5,K
9000297,KH0675,UR297,9000297_38,,1,38,,4,12,,MB:W,V,,36.5,K
9000297,KH0675,UR297,9000297_38s1,9000297_38,2,38060,,,0,,W,U,,31.0,K
9000297,KH0675,UR297,9000297_39,,1,39,,5,3,,W,V,,31.0,K
9000297,KH0675,UR297,9000297_40,,1,40,,5,3,,W,V,,31.5,K
9000297,KH0675,UR297,9000297_40s1,9000297_40,2,40063,,,0,,AB,U,,35.0,K
9000297,KH0675,UR297,9000297_41,,1,41,,5,2,,W,V,,38.0,K
9000297,KH0675,UR297,9000297_41s1,9000297_41,2,41065,,,0,,AB,U,,29.0,K
9000297,KH0675,UR297,9000297_42,,1,42,,5,0,,W,V,,38.5,K
9000297,KH0675,UR297,9000297_42s1,9000297_42,2,42067,,,4,,AB,U,,31.5,K
9000297,KH0675,UR297,9000297_43,,1,43,,5,4,,W,V,,36.0,K
9000297,KH0675,UR297,9000297_43s1,9000297_43,2,43069,,,3,,AB,U,,30.5,K
9000297,KH0675,UR297,9000297_45,,1,45,,5,17,,W,V,,36.0,K
9000297,KH0675,UR297,9000297_45s1,9000297_45,2,45071,,,4,,AB,U,,26.0,K
9000297,KH0675,UR297,9000297_44,,1,44,,5,52,,MB,V,,34.0,K
9000297,KH0675,UR297,9000297_44s1,9000297_44,2,44073,,,53,,AB,U,,34.5,K
9000297,KH0675,UR297,9000297_44s2,9000297_44,2,44074,,,5,,W,U,,38.5,K
9000297,KH0675,UR297,9000297_44s3,9000297_44,2,44075,,,22,,W,U,,26.5,K
9000297,KH0675,UR297,9000297_46,,1,46,,5,5,,W,V,,35.0,K
9000297,KH0675,UR297,9000297_46s1,9000297_46,2,46077,,,8,,AB,U,,29.5,K
9000297,KH0675,UR297,9000297_47,,1,47,,5,4,,W,V,,33.5,K
9000297,KH0675,UR297,9000297_47s1,9000297_47,2,47079,,,10,,AB,U,,33.5,K
9000297,KH0675,UR297,9000297_48,,1,48,,5,15,,W,V,,28.5,K
9000297,KH0675,UR297,9000297_48s1,9000297_48,2,48081,,,14,,AB,U,,26.0,K
9000297,KH0675,UR297,9000297_49,,1,49,,5,21,,W,V,,36.0,K
9000297,KH0675,UR297,9000297_49s1,9000297_49,2,49083,,,33,,AB,U,,30.0,K
9000297,KH0675,UR297,9000297_50,,1,50,,6,10,,AB:W,V,,36.5,K
9000297,KH0675,UR297,9000297_50s1,9000297_50,2,50085,,,10,,YB:W,U,,35.0,K
9000297,KH0675,UR297,9000297_51,,1,51,,6,20,,AB,V,,31.0,K
9000297,KH0675,UR297,9000297_51s1,9000297_51,2,51087,,,0,,W,U,,36.0,K
9000297,KH0675,UR297,9000297_52,,1,52,,6,13,,YB,V,,33.0,K
9000297,KH0675,UR297,9000297_52s1,9000297_52,2,52089,,,20,,W:YY,U,,33.0,K
9000297,KH0675,UR297,9000297_52s1s1,9000297_52s1,3,52090,,,0,,MB,U,,33.0,K
9000297,KH0675,UR297,9000297_53,,1,53,,6,0,,YB,V,,32.0,K
9000297,KH0675,UR297,9000297_53s1,9000297_53,2,53092,,,0,,W,U,,33.5,K
9000297,KH0675,UR297,9000297_54,,1,54,,6,10,,YB,V,,34.5,K
9000297,KH0675,UR297,9000297_54s1,9000297_54,2,54094,,,0,,W:YY,U,,31.5,K
9000297,KH0675,UR297,9000297_55,,1,55,,6,85,,BS,V,,48.5,K
9000297,KH0675,UR297,9000297_55s1,9000297_55,2,55096,,,30,,RB,U,,34.5,K
9000297,KH0675,UR297,9000297_55s2,9000297_55,2,55097,,,10,,DB,U,,44.0,K
9000297,KH0675,UR297,9000297_55s2s1,9000297_55s2,3,55098,,,3,,W,U,,23.0,K
9000297,KH0675,UR297,9000297_55s2s2,9000297_55s2,3,55099,,,0,,FB,U,,0.0,B
9000297,KH0675,UR297,9000297_55s2s3,9000297_55s2,3,55100,,,20,,RB:AB,U,,46.0,K
9000297,KH0675,UR297,9000297_55s3,9000297_55,2,55101,,,0,,W,U,,36.0,K
9000297,KH0675,UR297,9000297_56,,1,56,,6,30,,YB,V,,27.5,K
9000297,KH0675,UR297,9000297_56s1,9000297_56,2,56103,,,3,,YY:W,U,,33.0,K
9000297,KH0675,UR297,9000297_57,,1,57,,6,12,,YB,V,,32.0,K
9000297,KH0675,UR297,9000297_57s1,9000297_57,2,57105,,,32,,YY:W,U,,30.0,K
9000297,KH0675,UR297,9000297_58,,1,58,,6,0,,YB,V,,33.5,K
9000297,KH0675,UR297,9000297_58s1,9000297_58,2,58107,,,5,,YB:W,U,,32.0,K
9000297,KH0675,UR297,9000297_59,,1,59,,6,0,,YB,V,,29.0,K
9000297,KH0675,UR297,9000297_59s1,9000297_59,2,59109,,,0,,YB:W,U,,31.0,K
9000297,KH0675,UR297,9000297_60,,1,60,,6,2,,YB,V,,42.5,K
9000297,KH0675,UR297,9000297_60s1,9000297_60,2,60111,,,2,,YB:W,U,,35.0,K
9000297,KH0675,UR297,9000297_61,,1,61,,7,2,,W,V,,44.0,K
9000297,KH0675,UR297,9000297_61s1,9000297_61,2,61113,,,7,,YB:W,U,,28.5,K
9000297,KH0675,UR297,9000297_62,,1,62,,7,6,,W,V,,38.0,K
9000297,KH0675,UR297,9000297_62s1,9000297_62,2,62115,,,0,,YB,U,,34.5,K
9000297,KH0675,UR297,9000297_63,,1,63,,7,3,,W,V,,39.0,K
9000297,KH0675,UR297,9000297_63s1,9000297_63,2,63117,,,3,,YY,U,,28.5,K
9000297,KH0675,UR297,9000297_64,,1,64,,7,6,,W,V,,37.0,K
9000297,KH0675,UR297,9000297_64s1,9000297_64,2,64119,,,4,,YY,U,,29.5,K
9000297,KH0675,UR297,9000297_65,,1,65,,7,12,,W,V,,39.5,K
9000297,KH0675,UR297,9000297_65s1,9000297_65,2,65121,,,27,,YY,U,,27.5,K
9000297,KH0675,UR297,9000297_66,,1,66,,7,74,,YY,V,,22.0,K
9000297,KH0675,UR297,9000297_66s1,9000297_66,2,66123,,,63,,YB,U,,28.0,
9000297,KH0675,UR297,9000297_66s1s1,9000297_66s1,3,66124,,,37,,W,U,,19.0,
9000297,KH0675,UR297,9000297_66s2,9000297_66,2,66125,,,24,,MB,U,,31.5,
9000297,KH0675,UR297,9000297_66s3,9000297_66,2,66126,,,50,,YY,U,,23.5,
9000297,KH0675,UR297,9000297_67,,1,67,,7,22,,W,V,,40.5,
9000297,KH0675,UR297,9000297_67s1,9000297_67,2,67128,,,7,,YY,U,,26.5,
9000297,KH0675,UR297,9000297_68,,1,68,,7,10,,W,V,,38.0,
9000297,KH0675,UR297,9000297_68s1,9000297_68,2,68130,,,5,,YY,U,,34.0,
9000297,KH0675,UR297,9000297_69,,1,69,,7,10,,W,V,,40.0,
9000297,KH0675,UR297,9000297_69s1,9000297_69,2,69132,,,2,,YY,U,,28.5,
9000297,KH0675,UR297,9000297_70,,1,70,,7,23,,W,V,,36.5,
9000297,KH0675,UR297,9000297_70s1,9000297_70,2,70134,,,17,,YY,U,,29.5,
9000297,KH0675,UR297,9000297_71,,1,71,,7,21,,W,V,,39.5,
9000297,KH0675,UR297,9000297_71s1,9000297_71,2,71136,,,50,,YY,U,,18.0,
9000297,KH0675,UR297,9000297_71s2,9000297_71,2,71137,,,16,,YY,U,,25.0,
9000297,KH0675,UR297,9000297_72,,1,72,,8,6,,W,V,,37.5,
9000297,KH0675,UR297,9000297_72s1,9000297_72,2,72139,,,1,,YB:W,U,,41.5,
9000297,KH0675,UR297,9000297_73,,1,73,,8,0,,W,V,,33.0,
9000297,KH0675,UR297,9000297_73s1,9000297_73,2,73141,,,2,,YB:W,U,,40.5,
9000297,KH0675,UR297,9000297_74,,1,74,,8,7,,W,V,,39.5,
9000297,KH0675,UR297,9000297_74s1,9000297_74,2,74143,,,8,,YB:W,U,,42.0,
9000297,KH0675,UR297,9000297_75,,1,75,,8,8,,W,V,,34.5,
9000297,KH0675,UR297,9000297_75s1,9000297_75,2,75145,,,0,,AB,U,,29.0,
9000297,KH0675,UR297,9000297_76,,1,76,,8,43,,W,V,,19.5,
9000297,KH0675,UR297,9000297_76s1,9000297_76,2,76147,,,43,,B,U,,15.5,
9000297,KH0675,UR297,9000297_76s2,9000297_76,2,76148,,,65,,YY,U,,16.0,
9000297,KH0675,UR297,9000297_76s2s1,9000297_76s2,3,76149,,,17,,YY,U,,16.5,
9000297,KH0675,UR297,9000297_76s3,9000297_76,2,76150,,,26,,DB,U,,32.5,
9000297,KH0675,UR297,9000297_76s4,9000297_76,2,76151,,,50,,YY,U,,22.0,
9000297,KH0675,UR297,9000297_77,,1,77,,8,22,,W,V,,37.0,
9000297,KH0675,UR297,9000297_77s1,9000297_77,2,77153,,,22,,AB,U,,58.5,
9000297,KH0675,UR297,9000297_77s2,9000297_77,2,77154,,,5,,AB,U,,43.0,
9000297,KH0675,UR297,9000297_77s3,9000297_77,2,77155,,,50,,SY:W,U,,23.0,
9000297,KH0675,UR297,9000297_78,,1,78,,8,45,,W,V,,34.5,
9000297,KH0675,UR297,9000297_78s1,9000297_78,2,78157,,,22,,AB,U,,27.5,
9000297,KH0675,UR297,9000297_79,,1,79,,8,5,,W,V,,36.5,
9000297,KH0675,UR297,9000297_79s1,9000297_79,2,79159,,,4,,AB:W,U,,43.5,
9000297,KH0675,UR297,9000297_80,,1,80,,8,2,,DB,V,,39.0,
9000297,KH0675,UR297,9000297_80s1,9000297_80,2,80161,,,336,,AB,U,,26.5,
9000297,KH0675,UR297,9000297_81,,1,81,,8,2,,W,V,,31.0,
9000297,KH0675,UR297,9000297_81s1,9000297_81,2,81163,,,1,,AB,U,,51.5,
9000297,KH0675,UR297,9000297_82,,1,82,,8,11,,W,V,,53.0,
9000297,KH0675,UR297,9000297_82s1,9000297_82,2,82165,,,7,,AB,U,,49.5,
9000297,KH0675,UR297,9000297_83,,1,83,,9,4,,W,V,,39.0,
9000297,KH0675,UR297,9000297_83s1,9000297_83,2,83167,,,13,,YB:W,U,,34.5,
9000297,KH0675,UR297,9000297_84,,1,84,,9,2,,W,V,,41.0,
9000297,KH0675,UR297,9000297_84s1,9000297_84,2,84169,,,3,,AB,U,,33.5,
9000297,KH0675,UR297,9000297_85,,1,85,,9,8,,DB,V,,35.5,
9000297,KH0675,UR297,9000297_85s1,9000297_85,2,85171,,,4,,AB:W,U,,33.0,
9000297,KH0675,UR297,9000297_85s2,9000297_85,2,85172,,,4,,YY:AB,U,,15.5,
9000297,KH0675,UR297,9000297_86,,1,86,,9,2,,W,V,,42.0,
9000297,KH0675,UR297,9000297_86s1,9000297_86,2,86174,,,4,,YY,U,,37.5,
9000297,KH0675,UR297,9000297_87,,1,87,,9,5,,DB,V,,31.0,
9000297,KH0675,UR297,9000297_87s1,9000297_87,2,87176,,,10,,AB:W,U,,35.0,
9000297,KH0675,UR297,9000297_88,,1,88,,9,61,,MB,V,,25.5,
9000297,KH0675,UR297,9000297_88s1,9000297_88,2,88178,,,42,,YB,U,,34.5,
9000297,KH0675,UR297,9000297_88s1s1,9000297_88s1,3,88179,,,4,,AB,U,,23.5,
9000297,KH0675,UR297,9000297_88s1s1s1,9000297_88s1s1,4,88180,,,20,,BD,U,,39.0,
9000297,KH0675,UR297,9000297_88s1s1s1s1,9000297_88s1s1s1,5,88181,,,12,,AB,U,,26.0,
9000297,KH0675,UR297,9000297_88s2,9000297_88,2,88182,,,7,,W,U,,30.5,
9000297,KH0675,UR297,9000297_88s3,9000297_88,2,88183,,,50,,AB,U,,27.0,
9000297,KH0675,UR297,9000297_88s4,9000297_88,2,88184,,,23,,AB,U,,26.5,
9000297,KH0675,UR297,9000297_89,,1,89,,9,8,,W,V,,35.0,
9000297,KH0675,UR297,9000297_89s1,9000297_89,2,89186,,,50,,YB,U,,13.0,
9000297,KH0675,UR297,9000297_89s2,9000297_89,2,89187,,,10,,AB,U,,37.5,
9000297,KH0675,UR297,9000297_90,,1,90,,9,0,,B,V,,14.0,
9000297,KH0675,UR297,9000297_90s1,9000297_90,2,90189,,,5,,YB:W,U,,35.5,
9000297,KH0675,UR297,9000297_91,,1,91,,9,5,,W,V,,35.0,
9000297,KH0675,UR297,9000297_91s1,9000297_91,2,91191,,,10,,AB,U,,34.5,
9000297,KH0675,UR297,9000297_91s1s1,9000297_91s1,3,91192,,,0,,NB,U,,9.0,
9000297,KH0675,UR297,9000297_92,,1,92,,9,10,,W,V,,39.5,
9000297,KH0675,UR297,9000297_92s1,9000297_92,2,92194,,,16,,YY,U,,33.5,
9000297,KH0675,UR297,9000297_92s2,9000297_92,2,92195,,,10,,NB,U,,17.0,
9000297,KH0675,UR297,9000297_93,,1,93,,9,14,,W,V,,37.0,
9000297,KH0675,UR297,9000297_93s1,9000297_93,2,93197,,,20,,AB:W,U,,38.0,
9000297,KH0675,UR297,9000297_94,,1,94,,10,7,,YB,V,,32.0,
9000297,KH0675,UR297,9000297_94s1,9000297_94,2,94199,,,3,,YB,U,,38.5,
9000297,KH0675,UR297,9000297_95,,1,95,,10,5,,YB,V,,37.0,
9000297,KH0675,UR297,9000297_95s1,9000297_95,2,95201,,,14,,YB,U,,33.0,
9000297,KH0675,UR297,9000297_96,,1,96,,10,14,,YB:W,V,,38.0,
9000297,KH0675,UR297,9000297_96s1,9000297_96,2,96203,,,10,,YB:W,U,,43.0,
9000297,KH0675,UR297,9000297_97,,1,97,,10,2,,YB,V,,35.0,
9000297,KH0675,UR297,9000297_97s1,9000297_97,2,97205,,,8,,YB,U,,27.5,
9000297,KH0675,UR297,9000297_98,,1,98,,10,7,,YB:W,V,,33.0,
9000297,KH0675,UR297,9000297_98s1,9000297_98,2,98207,,,8,,AB,U,,34.5,
9000297,KH0675,UR297,9000297_99,,1,99,,10,2,,YB,V,,38.0,
9000297,KH0675,UR297,9000297_99s1,9000297_99,2,99209,,,28,,AB:W,U,,23.0,
9000297,KH0675,UR297,9000297_100,,1,100,,10,16,,DB,V,,22.5,
9000297,KH0675,UR297,9000297_100s1,9000297_100,2,100211,,,83,,AB,U,,29.5,
9000297,KH0675,UR297,9000297_100s2,9000297_100,2,100212,,,40,,PG,U,,25.0,
9000297,KH0675,UR297,9000297_100s3,9000297_100,2,100213,,,20,,YY:W,U,,54.0,
9000297,KH0675,UR297,9000297_100s3s1,9000297_100s3,3,100214,,,20,,YY:W,U,,49.0,
9000297,KH0675,UR297,9000297_100s3s1s1,9000297_100s3s1,4,100215,,,20,,GG,U,,32.5,
9000297,KH0675,UR297,9000297_100s4,9000297_100,2,100216,,,52,,AB,U,,41.0,
9000297,KH0675,UR297,9000297_100s4s1,9000297_100s4,3,100217,,,40,,LB,U,,22.0,
9000297,KH0675,UR297,9000297_100s5,9000297_100,2,100218,,,10,,W,U,,31.0,
9000297,KH0675,UR297,9000297_100s6,9000297_100,2,100219,,,17,,DB,U,,24.0,
9000297,KH0675,UR297,9000297_100s6s1,9000297_100s6,3,100220,,,660,,AB:W,U,,31.5,
9000297,KH0675,UR297,9000297_100s7,9000297_100,2,100221,,,4,,FB:GG:AB,U,,17.5,
9000297,KH0675,UR297,9000297_100s8,9000297_100,2,100222,,,20,,BY,U,,26.5,
9000297,KH0675,UR297,9000297_100s8s1,9000297_100s8,3,100223,,,2,,YB:W,U,,41.0,
9000297,KH0675,UR297,9000297_101,,1,101,,10,26,,YB,V,,31.0,
9000297,KH0675,UR297,9000297_101s1,9000297_101,2,101225,,,20,,W,U,,25.5,
9000297,KH0675,UR297,9000297_101s2,9000297_101,2,101226,,,13,,YB,U,,34.0,
9000297,KH0675,UR297,9000297_102,,1,102,,10,16,,YB,V,,31.0,
9000297,KH0675,UR297,9000297_102s1,9000297_102,2,102228,,,13,,YB,U,,33.5,
9000297,KH0675,UR297,9000297_103,,1,103,,10,2,,YB,V,,33.5,
9000297,KH0675,UR297,9000297_103s1,9000297_103,2,103230,,,12,,AB,U,,40.0,
9000297,KH0675,UR297,9000297_104,,1,104,,10,48,,YB,V,,18.5,
9000297,KH0675,UR297,9000297_104s1,9000297_104,2,104232,,,20,,AB,U,,36.0,
9000297,KH0675,UR297,9000297_104s1s1,9000297_104s1,3,104233,,,22,,W,U,,39.0,
9000297,KH0675,UR297,9000297_104s2,9000297_104,2,104234,,,40,,GG,U,,49.5,
9000297,KH0675,UR297,9000297_104s3,9000297_104,2,104235,,,20,,W:YY,U,,26.0,
9000297,KH0675,UR297,9000297_104s3s1,9000297_104s3,3,104236,,,20,,PG,U,,39.0,
9000297,KH0675,UR297,9000297_105,,1,105,,11,9,,AB,V,,39.5,
9000297,KH0675,UR297,9000297_106,,1,106,,11,7,,AB,V,,28.5,
9000297,KH0675,UR297,9000297_107,,1,107,,11,32,,W,V,,29.5,
9000297,KH0675,UR297,9000297_108,,1,108,,11,7,,AB,V,,34.5,
9000297,KH0675,UR297,9000297_109,,1,109,,11,9,,AB,V,,21.5,
9000297,KH0675,UR297,9000297_110,,1,110,,12,0,,W,V,,24.5,
9000297,KH0675,UR297,9000297_111,,1,111,,12,0,,W:YY,V,,29.0,
9000297,KH0675,UR297,9000297_112,,1,112,,12,2,,W,V,,26.0,
9000297,KH0675,UR297,9000297_113,,1,113,,12,5,,W:YY,V,,30.0,
9000297,KH0675,UR297,9000297_114,,1,114,,12,0,,W,V,,33.5,
9000297,KH0675,UR297,9000297_115,,1,115,,12,62,,YB,V,,33.5,
9000297,KH0675,UR297,9000297_115s1,9000297_115,2,115248,,,0,,GG,U,,28.0,
9000297,KH0675,UR297,9000297_116,,1,116,,12,3,,W,V,,36.0,
9000297,KH0675,UR297,9000297_117,,1,117,,12,3,,YY:W,V,,32.0,
9000297,KH0675,UR297,9000297_118,,1,118,,12,3,,W:YY,V,,49.5,
9000297,KH0675,UR297,9000297_119,,1,119,,12,23,,W:YY,V,,23.0,
9000297,KH0675,UR297,9000297_120,,1,120,,12,23,,W:YY,V,,45.5,
9000297,KH0675,UR297,9000297_121,,1,121,,13,0,,W,V,,29.0,
9000297,KH0675,UR297,9000297_122,,1,122,,13,0,,W,V,,33.5,
9000297,KH0675,UR297,9000297_123,,1,123,,13,15,,W,V,,35.0,
9000297,KH0675,UR297,9000297_124,,1,124,,13,2,,W,V,,48.0,
9000297,KH0675,UR297,9000297_125,,1,125,,13,5,,W,V,,25.5,
9000297,KH0675,UR297,9000297_126,,1,126,,13,52,,YB,V,,35.0,
9000297,KH0675,UR297,9000297_126s1,9000297_126,2,126260,,,0,,GG,U,,26.5,
9000297,KH0675,UR297,9000297_126s1s1,9000297_126s1,3,126261,,,2,,W:YB,U,,47.5,
9000297,KH0675,UR297,9000297_127,,1,127,,13,14,,W,V,,26.0,
9000297,KH0675,UR297,9000297_128,,1,128,,13,4,,W,V,,39.0,
9000297,KH0675,UR297,9000297_129,,1,129,,13,5,,W,V,,30.0,
9000297,KH0675,UR297,9000297_130,,1,130,,13,7,,W,V,,31.5,
9000297,KH0675,UR297,9000297_131,,1,131,,13,2,,W,V,,47.0,
9000297,KH0675,UR297,9000297_132,,1,132,,14,4,,W,V,,45.5,
9000297,KH0675,UR297,9000297_133,,1,133,,14,2,,W,V,,25.0,
9000297,KH0675,UR297,9000297_134,,1,134,,14,4,,W,V,,34.5,
9000297,KH0675,UR297,9000297_135,,1,135,,14,7,,W,V,,20.5,
9000297,KH0675,UR297,9000297_136,,1,136,,14,12,,W,V,,24.0,
9000297,KH0675,UR297,9000297_137,,1,137,,14,85,,YB,V,,26.0,
9000297,KH0675,UR297,9000297_137s1,9000297_137,2,137273,,,20,,YY,U,,25.0,
9000297,KH0675,UR297,9000297_138,,1,138,,14,7,,W,V,,21.0,
9000297,KH0675,UR297,9000297_139,,1,139,,14,4,,W,V,,22.0,
9000297,KH0675,UR297,9000297_140,,1,140,,14,16,,W,V,,25.0,
9000297,KH0675,UR297,9000297_141,,1,141,,14,6,,W,V,,28.0,
9000297,KH0675,UR297,9000297_141s1,9000297_141,2,141278,,,10,,W:YY,U,,24.5,
9000297,KH0675,UR297,9000297_142,,1,142,,14,23,,W,V,,20.5,
9000297,KH0675,UR297,9000297_142s1,9000297_142,2,142280,,,10,,YY,U,,28.0,
9000297,KH0675,UR297,9000297_143,,1,143,,15,0,,W:YY,V,,39.0,
9000297,KH0675,UR297,9000297_144,,1,144,,15,2,,W:YY,V,,35.5,
9000297,KH0675,UR297,9000297_145,,1,145,,15,4,,W,V,,25.0,
9000297,KH0675,UR297,9000297_146,,1,146,,15,7,,W,V,,43.0,
9000297,KH0675,UR297,9000297_147,,1,147,,15,12,,W:YY,V,,16.5,
9000297,KH0675,UR297,9000297_148,,1,148,,15,62,,YB,V,,22.5,
9000297,KH0675,UR297,9000297_148s1,9000297_148,2,148287,,,20,,W:YY,U,,29.0,
9000297,KH0675,UR297,9000297_149,,1,149,,15,22,,W,V,,27.5,
9000297,KH0675,UR297,9000297_149s1,9000297_149,2,149289,,,20,,W:YY,U,,7.5,
9000297,KH0675,UR297,9000297_150,,1,150,,15,3,,W,V,,33.5,
9000297,KH0675,UR297,9000297_151,,1,151,,15,5,,W,V,,38.0,
9000297,KH0675,UR297,9000297_152,,1,152,,15,2,,W,V,,46.0,
9000297,KH0675,UR297,9000297_153,,1,153,,15,5,,W,V,,35.5,
9000297,KH0675,UR297,9000297_154,,1,154,,16,0,,W,V,,31.5,
9000297,KH0675,UR297,9000297_155,,1,155,,16,3,,W,V,,26.5,
9000297,KH0675,UR297,9000297_156,,1,156,,16,10,,W,V,,31.5,K
9000297,KH0675,UR297,9000297_156s1,9000297_156,2,156297,,,0,,GG,U,,26.5,K
9000297,KH0675,UR297,9000297_157,,1,157,,16,0,,W,V,,32.0,K
9000297,KH0675,UR297,9000297_158,,1,158,,16,3,,W,V,,26.5,K
9000297,KH0675,UR297,9000297_159,,1,159,,16,65,,YB,V,,31.5,K
9000297,KH0675,UR297,9000297_159s1,9000297_159,2,159301,,,10,,YY,U,,30.5,K
9000297,KH0675,UR297,9000297_160,,1,160,,16,12,,W,V,,27.0,K
9000297,KH0675,UR297,9000297_161,,1,161,,16,0,,YY:W,V,,36.0,K
9000297,KH0675,UR297,9000297_162,,1,162,,16,5,,YY:W,V,,27.5,K
9000297,KH0675,UR297,9000297_163,,1,163,,16,6,,W,V,,26.0,K
9000297,KH0675,UR297,9000297_164,,1,164,,16,26,,W,V,,24.5,K
9000297,KH0675,UR297,9000297_164s1,9000297_164,2,164307,,,10,,YY,U,,29.5,K
9000297,KH0675,UR297,9000297_165,,1,165,,17,4,,W,V,,26.0,K
9000297,KH0675,UR297,9000297_166,,1,166,,17,4,,W,V,,24.5,K
9000297,KH0675,UR297,9000297_167,,1,167,,17,4,,W,V,,28.0,K
9000297,KH0675,UR297,9000297_168,,1,168,,17,3,,W,V,,27.5,K
9000297,KH0675,UR297,9000297_169,,1,169,,17,13,,W,V,,27.0,K
9000297,KH0675,UR297,9000297_170,,1,170,,17,60,,YB,V,,28.5,K
9000297,KH0675,UR297,9000297_170s1,9000297_170,2,170314,,,10,,GG,U,,30.5,K
9000297,KH0675,UR297,9000297_170s2,9000297_170,2,170315,,,70,,W,U,,34.0,K
9000297,KH0675,UR297,9000297_171,,1,171,,17,5,,W,V,,28.5,K
9000297,KH0675,UR297,9000297_172,,1,172,,17,12,,W,V,,27.5,K
9000297,KH0675,UR297,9000297_172s1,9000297_172,2,172318,,,0,,PG,U,,0.0h,
9000297,KH0675,UR297,9000297_172s2,9000297_172,2,172319,,,0,,W,U,,0.0h,
9000297,KH0675,UR297,9000297_173,,1,173,,17,12,,W,V,,30.5,K
9000297,KH0675,UR297,9000297_174,,1,174,,17,5,,W,V,,22.0,K
9000297,KH0675,UR297,9000297_175,,1,175,,17,23,,W,V,,23.5,K
9000297,KH0675,UR297,9000297_176,,1,176,,18,0,,W,V,,30.5,K
9000297,KH0675,UR297,9000297_177,,1,177,,18,0,,W,V,,37.0,K
9000297,KH0675,UR297,9000297_178,,1,178,,18,0,,W,V,,34.0,K
9000297,KH0675,UR297,9000297_179,,1,179,,18,0,,W,V,,39.5,K
9000297,KH0675,UR297,9000297_180,,1,180,,18,5,,W,V,,33.5,K
9000297,KH0675,UR297,9000297_181,,1,181,,18,64,,AB,V,,38.0,K
9000297,KH0675,UR297,9000297_181s1,9000297_181,2,181329,,,11,,YB,U,,33.5,K
9000297,KH0675,UR297,9000297_181s2,9000297_181,2,181330,,,0,,GG:AB,U,,41.0,K
9000297,KH0675,UR297,9000297_182,,1,182,,18,10,,W,V,,36.0,K
9000297,KH0675,UR297,9000297_183,,1,183,,18,10,,W,V,,31.5,K
9000297,KH0675,UR297,9000297_184,,1,184,,18,0,,YY,V,,39.5,K
9000297,KH0675,UR297,9000297_185,,1,185,,18,40,,W,V,,36.0,K
9000297,KH0675,UR297,9000297_186,,1,186,,18,10,,W,V,,37.0,K
9000297,KH0675,UR297,9000297_186s1,9000297_186,2,186336,,,0,,AB:G,U,,32.5,K
9000297,KH0675,UR297,9000297_187,,1,187,,19,3,,KB,V,,23.5r,
9000297,KH0675,UR297,9000297_188,,1,188,,19,0,,KB,V,,5.5h,
9000297,KH0675,UR297,9000297_188s1,9000297_188,2,188339,,,0,,AB:KB,U,,0.0h,
9000297,KH0675,UR297,9000297_189,,1,189,,19,24,,KB,V,,28.5,K
9000297,KH0675,UR297,9000297_189s1,9000297_189,2,189341,,,5,,AB,U,,35.5,K
9000297,KH0675,UR297,9000297_190,,1,190,,19,0,,KB,V,,32.0,K
9000297,KH0675,UR297,9000297_190s1,9000297_190,2,190343,,,3,,YB,U,,26.5,K
9000297,KH0675,UR297,9000297_191,,1,191,,19,93,,AB,V,,41.5,K
9000297,KH0675,UR297,9000297_191s1,9000297_191,2,191345,,,10,,YB,U,,36.0,K
9000297,KH0675,UR297,9000297_191s2,9000297_191,2,191346,,,10,,KB:AB,U,,18.0,K
9000297,KH0675,UR297,9000297_191s2s1,9000297_191s2,3,191347,,,10,,YB,U,,24.0,K
9000297,KH0675,UR297,9000297_192,,1,192,,19,3,,KB,V,,30.5,K
9000297,KH0675,UR297,9000297_193,,1,193,,19,24,,KB,V,,26.0r,
9000297,KH0675,UR297,9000297_194,,1,194,,19,0,,KB,V,,34.0,K
9000297,KH0675,UR297,9000297_195,,1,195,,19,4,,KB,V,,34.5,K
9000297,KH0675,UR297,9000297_196,,1,196,,19,14,,KB,V,,29.0,K
9000297,KH0675,UR297,9000297_197,,1,197,,19,4,,KB,V,,30.5r,
9000297,KH0675,UR297,9000297_198,,1,198,,20,0,,YB,V,,38.5,K
9000297,KH0675,UR297,9000297_199,,1,199,,20,10,,YB,V,,35.5,K
9000297,KH0675,UR297,9000297_200,,1,200,,20,10,,YB,V,,59.0,K
9000297,KH0675,UR297,9000297_201,,1,201,,20,4,,YB,V,,33.0,K
9000297,KH0675,UR297,9000297_202,,1,202,,20,80,,AB,V,,23.5r,
9000297,KH0675,UR297,9000297_202s1,9000297_202,2,202359,,,13,,YY,U,,30.0r,
9000297,KH0675,UR297,9000297_202s2,9000297_202,2,202360,,,20,,GG,U,,28.5,K
9000297,KH0675,UR297,9000297_203,,1,203,,20,21,,YB,V,,41.5,K
9000297,KH0675,UR297,9000297_204,,1,204,,20,12,,YB,V,,41.5,K
9000297,KH0675,UR297,9000297_205,,1,205,,20,14,,YB,V,,42.0,K
9000297,KH0675,UR297,9000297_206,,1,206,,20,0,,YB,V,,33.0,K
9000297,KH0675,UR297,9000297_207,,1,207,,20,12,,YB,V,,43.0,K
9000297,KH0675,UR297,9000297_208,,1,208,,20,10,,YB,V,,45.0,K
9000297,KH0675,UR297,9000297_208s1,9000297_208,2,208367,,,20,,GG,U,,40.5,K
9000297,KH0675,UR297,9000297_209,,1,209,,21,2,,AB,V,,48.0,K
9000297,KH0675,UR297,9000297_210,,1,210,,21,111,,AB,V,,38.5,K
9000297,KH0675,UR297,9000297_210s1,9000297_210,2,210370,,,2,,YB,U,,34.0,K
9000297,KH0675,UR297,9000297_210s2,9000297_210,2,210371,,,22,,PG,U,,28.0,K
9000297,KH0675,UR297,9000297_211,,1,211,,21,6,,AB,V,,29.0r,
9000297,KH0675,UR297,9000297_212,,1,212,,21,10,,AB,V,,45.0,K
9000297,KH0675,UR297,9000297_213,,1,213,,21,4,,AB,V,,40.0,K
9000297,KH0675,UR297,9000297_214,,1,214,,21,38,,AB,V,,31.5,K
9000297,KH0675,UR297,9000297_214s1,9000297_214,2,214376,,,22,,RG,U,,48.0,K
9000297,KH0675,UR297,9000297_215,,1,215,,21,27,,YB,V,,34.5,K
9000297,KH0675,UR297,9000297_216,,1,216,,21,2,,YB,V,,38.0,K
9000297,KH0675,UR297,9000297_217,,1,217,,21,2,,YB,V,,43.5,K
9000297,KH0675,UR297,9000297_218,,1,218,,21,12,,AB,V,,35.5,K
9000297,KH0675,UR297,9000297_219,,1,219,,21,0,,AB,V,,42.0,K
9000297,KH0675,UR297,9000297_220,,1,220,,22,0,,YY,V,,39.5,K
9000297,KH0675,UR297,9000297_221,,1,221,,22,0,,YY,V,,38.5,K
9000297,KH0675,UR297,9000297_222,,1,222,,22,3,,YY,V,,37.0,K
9000297,KH0675,UR297,9000297_223,,1,223,,22,0,,YY,V,,41.0,K
9000297,KH0675,UR297,9000297_224,,1,224,,22,0,,YY,V,,40.5,K
9000297,KH0675,UR297,9000297_225,,1,225,,22,20,,YY,V,,41.0,K
9000297,KH0675,UR297,9000297_226,,1,226,,22,72,,AB,V,,31.0,K
9000297,KH0675,UR297,9000297_226s1,9000297_226,2,226389,,,41,,YB,U,,28.0,K
9000297,KH0675,UR297,9000297_226s2,9000297_226,2,226390,,,22,,PG,U,,33.0,K
9000297,KH0675,UR297,9000297_227,,1,227,,22,30,,YY,V,,33.5,K
9000297,KH0675,UR297,9000297_228,,1,228,,22,10,,YY,V,,45.5,K
9000297,KH0675,UR297,9000297_229,,1,229,,22,10,,YY,V,,37.5,K
9000297,KH0675,UR297,9000297_230,,1,230,,22,40,,YB,V,,33.0,K
9000297,KH0675,UR297,9000297_230s1,9000297_230,2,230395,,,22,,YB,U,,27.5,K
9000297,KH0675,UR297,9000297_231,,1,231,,23,10,,YB,V,,49.5,K
9000297,KH0675,UR297,9000297_232,,1,232,,23,0,,YB,V,,43.0,K
9000297,KH0675,UR297,9000297_233,,1,233,,23,10,,YB,V,,32.5r,
9000297,KH0675,UR297,9000297_234,,1,234,,23,0,,KB,V,,4.5,B
9000297,KH0675,UR297,9000297_234s1,9000297_234,2,234400,,,46,,PG,U,,36.0,K
9000297,KH0675,UR297,9000297_235,,1,235,,23,10,,YB,V,,43.5,K
9000297,KH0675,UR297,9000297_235s1,9000297_235,2,235402,,,0,,YB,U,,44.5,K
9000297,KH0675,UR297,9000297_236,,1,236,,23,10,,YB,V,,29.0r,
9000297,KH0675,UR297,9000297_236s1,9000297_236,2,236404,,,26,,YB,U,,14.0,K
9000297,KH0675,UR297,9000297_237,,1,237,,23,11,,YB,V,,41.0,K
9000297,KH0675,UR297,9000297_238,,1,238,,23,30,,YB,V,,43.0,K
9000297,KH0675,UR297,9000297_239,,1,239,,23,34,,YB,V,,34.5,K
9000297,KH0675,UR297,9000297_240,,1,240,,23,10,,YB,V,,43.0,K
9000297,KH0675,UR297,9000297_241,,1,241,,23,80,,YB,V,,42.0,K
9000297,KH0675,UR297,9000297_242,,1,242,,24,0,,YB:W,V,,40.5,K
9000297,KH0675,UR297,9000297_243,,1,243,,24,0,,YB:W,V,,37.5r,
9000297,KH0675,UR297,9000297_244,,1,244,,24,0,,YB:W,V,,34.5,K
9000297,KH0675,UR297,9000297_245,,1,245,,24,0,,YB:W,V,,30.0,K
9000297,KH0675,UR297,9000297_246,,1,246,,24,0,,YB:W,V,,33.0,K
9000297,KH0675,UR297,9000297_247,,1,247,,24,100,,YB:W,U,,50.5,K
9000297,KH0675,UR297,9000297_247s1,9000297_247,2,247416,,,0,,W,U,,29.0r,
9000297,KH0675,UR297,9000297_248,,1,248,,24,0,,YB:W,V,,36.5,K
9000297,KH0675,UR297,9000297_249,,1,249,,24,10,,YB:W,V,,34.0,K
9000297,KH0675,UR297,9000297_250,,1,250,,24,10,,YB:W,V,,34.5,K
9000297,KH0675,UR297,9000297_251,,1,251,,24,40,,YB:W,V,,33.5,K
9000297,KH0675,UR297,9000297_252,,1,252,,24,40,,YB:W,V,,31.0,K
9000297,KH0675,UR297,9000297_253,,1,253,,25,0,,KB,V,,28.0r,
9000297,KH0675,UR297,9000297_254,,1,254,,25,10,,KB,V,,26.5r,
9000297,KH0675,UR297,9000297_255,,1,255,,25,30,,KB,V,,25.5r,
9000297,KH0675,UR297,9000297_256,,1,256,,25,0,,KB,V,,26.0r,
9000297,KH0675,UR297,9000297_257,,1,257,,25,30,,KB,V,,28.0r,
9000297,KH0675,UR297,9000297_258,,1,258,,25,70,,YB,V,,40.5,K
9000297,KH0675,UR297,9000297_258s1,9000297_258,2,258428,,,10,,W,U,,27.0,K
9000297,KH0675,UR297,9000297_258s2,9000297_258,2,258429,,,20,,AB,U,,28.5,K
9000297,KH0675,UR297,9000297_259,,1,259,,25,20,,KB,V,,37.5,K
9000297,KH0675,UR297,9000297_260,,1,260,,25,10,,KB,V,,38.5,K
9000297,KH0675,UR297,9000297_261,,1,261,,25,0,,KB,V,,28.0r,
9000297,KH0675,UR297,9000297_262,,1,262,,25,0,,KB,V,,26.5r,
9000297,KH0675,UR297,9000297_263,,1,263,,25,0,,KB,V,,33.0r,
9000297,KH0675,UR297,9000297_264,,1,264,,26,0,,W,V,,27.0r,
9000297,KH0675,UR297,9000297_265,,1,265,,26,0,,W,V,,29.0,K
9000297,KH0675,UR297,9000297_266,,1,266,,26,10,,W,V,,27.0r,
9000297,KH0675,UR297,9000297_267,,1,267,,26,10,,W,V,,43.5r,
9000297,KH0675,UR297,9000297_268,,1,268,,26,20,,W,V,,28.0r,
9000297,KH0675,UR297,9000297_269,,1,269,,26,20,,W,V,,25.5,K
9000297,KH0675,UR297,9000297_270,,1,270,,26,0,,KB,V,,0.0,B
9000297,KH0675,UR297,9000297_271,,1,271,,26,20,,W,V,,26.0,K
9000297,KH0675,UR297,9000297_272,,1,272,,26,30,,W,V,,32.0r,
9000297,KH0675,UR297,9000297_273,,1,273,,26,30,,W,V,,44.0,K
9000297,KH0675,UR297,9000297_274,,1,274,,26,90,,W,V,,29.5,K
9000297,KH0675,UR297,9000297_275,,1,275,,27,10,,KB,V,,42.0,B
9000297,KH0675,UR297,9000297_276,,1,276,,27,10,,KB,V,,26.0r,
9000297,KH0675,UR297,9000297_277,,1,277,,27,0,,YB,V,,40.5,K
9000297,KH0675,UR297,9000297_278,,1,278,,27,0,,YB,V,,37.5,K
9000297,KH0675,UR297,9000297_279,,1,279,,27,10,,KB,V,,32.5r,
9000297,KH0675,UR297,9000297_280,,1,280,,27,50,,AB,V,,20.0,K
9000297,KH0675,UR297,9000297_281,,1,281,,27,20,,KB,V,,18.0,B
9000297,KH0675,UR297,9000297_281s1,9000297_281,2,281453,,,110,,W,U,,43.5,K
9000297,KH0675,UR297,9000297_282,,1,282,,27,20,,YB,V,,55.0,K
9000297,KH0675,UR297,9000297_283,,1,283,,27,0,,AB,V,,27.0,K
9000297,KH0675,UR297,9000297_284,,1,284,,27,0,,YB,V,,40.0,K
9000297,KH0675,UR297,9000297_285,,1,285,,27,30,,AB,V,,40.0,K
9000297,KH0675,UR297,9000297_286,,1,286,,28,0,,YB,V,,42.0,K
9000297,KH0675,UR297,9000297_287,,1,287,,28,0,,KB,V,,41.0,K
9000297,KH0675,UR297,9000297_288,,1,288,,28,10,,KB,V,,16.0,B
9000297,KH0675,UR297,9000297_289,,1,289,,28,10,,KB,V,,38.0,K
9000297,KH0675,UR297,9000297_290,,1,290,,28,20,,KB,V,,32.5,B
9000297,KH0675,UR297,9000297_291,,1,291,,28,130,,YY,V,,28.0,K
9000297,KH0675,UR297,9000297_291s1,9000297_291,2,291464,,,40,,W,V,,52.0,K
9000297,KH0675,UR297,9000297_292,,1,292,,28,20,,KB,V,,16.0,B
9000297,KH0675,UR297,9000297_293,,1,293,,28,20,,KB,V,,31.0r,
9000297,KH0675,UR297,9000297_294,,1,294,,28,20,,KB,V,,37.0,K
9000297,KH0675,UR297,9000297_295,,1,295,,28,14,,KB,V,,41.5,K
9000297,KH0675,UR297,9000297_296,,1,296,,28,53,,KB,V,,31.5,K
9000297,KH0675,UR297,9000297_297,,1,297,,29,0,,KB,V,,22.0,B
9000297,KH0675,UR297,9000297_298,,1,298,,29,0,,KB,V,,35.0,B
9000297,KH0675,UR297,9000297_299,,1,299,,29,10,,KB,V,,15.0,B
9000297,KH0675,UR297,9000297_300,,1,300,,29,0,,KB,V,,0.0,B
9000297,KH0675,UR297,9000297_301,,1,301,,29,20,,KB,V,,48.0,K
9000297,KH0675,UR297,9000297_302,,1,302,,29,10,,KB,V,,28.0r,
9000297,KH0675,UR297,9000297_303,,1,303,,29,0,,KB,V,,4.5,B
9000297,KH0675,UR297,9000297_304,,1,304,,29,40,,KB,V,,40.0,K
9000297,KH0675,UR297,9000297_305,,1,305,,29,10,,KB,V,,28.0r,
9000297,KH0675,UR297,9000297_306,,1,306,,29,60,,KB,V,,45.0,K
9000297,KH0675,UR297,9000297_307,,1,307,,30,50,,W,V,,50.0,K
9000297,KH0675,UR297,9000297_307s1,9000297_307,2,307481,,,30,,GG,U,,41.5,K
9000297,KH0675,UR297,9000297_308,,1,308,,30,0,,YY,V,,50.0,K
9000297,KH0675,UR297,9000297_309,,1,309,,30,0,,W,V,,43.5r,
9000297,KH0675,UR297,9000297_310,,1,310,,30,0,,YY,V,,60.5,K
9000297,KH0675,UR297,9000297_311,,1,311,,30,0,,W,V,,52.0,K
9000297,KH0675,UR297,9000297_312,,1,312,,30,0,,W,V,,54.5,K
9000297,KH0675,UR297,9000297_313,,1,313,,30,0,,W,V,,43.5,K
9000297,KH0675,UR297,9000297_314,,1,314,,30,0,,W,V,,41.0r,
9000297,KH0675,UR297,9000297_315,,1,315,,30,6,,W,V,,48.5,K
9000297,KH0675,UR297,9000297_316,,1,316,,30,0,,W,V,,58.0,K
9000297,KH0675,UR297,9000297_317,,1,317,,30,50,,W,V,,49.0,K
9000297,KH0675,UR297,9000297_318,,1,318,,31,4,,W,V,,40.5,K
9000297,KH0675,UR297,9000297_319,,1,319,,31,52,,W,V,,28.5,K
9000297,KH0675,UR297,9000297_319s1,9000297_319,2,319494,,,12,,BL,U,,16.5,K
9000297,KH0675,UR297,9000297_320,,1,320,,31,0,,W,V,,27.0,K
9000297,KH0675,UR297,9000297_321,,1,321,,31,2,,W,V,,29.0r,
9000297,KH0675,UR297,9000297_322,,1,322,,31,3,,W,V,,28.5,K
9000297,KH0675,UR297,9000297_323,,1,323,,31,2,,W,V,,44.0,K
9000297,KH0675,UR297,9000297_324,,1,324,,31,6,,W,V,,30.5,K
9000297,KH0675,UR297,9000297_325,,1,325,,31,2,,W,V,,43.5,K
9000297,KH0675,UR297,9000297_326,,1,326,,31,1,,W,V,,41.0,K
9000297,KH0675,UR297,9000297_327,,1,327,,31,0,,W,V,,31.0,K
9000297,KH0675,UR297,9000297_328,,1,328,,31,60,,W,V,,42.5,K
9000297,KH0675,UR297,9000297_328s1,9000297_328,2,328504,,,12,,GG,U,,43.0,K
9000297,KH0675,UR297,9000297_329,,1,329,,32,0,,YY,V,,53.0,K
9000297,KH0675,UR297,9000297_330,,1,330,,32,0,,YY,V,,63.5,K
9000297,KH0675,UR297,9000297_331,,1,331,,32,0,,YY,V,,50.0,K
9000297,KH0675,UR297,9000297_332,,1,332,,32,0,,YY,V,,49.0,K
9000297,KH0675,UR297,9000297_333,,1,333,,32,0,,YY,V,,52.0,K
9000297,KH0675,UR297,9000297_334,,1,334,,32,0,,YY,V,,57.0,K
9000297,KH0675,UR297,9000297_335,,1,335,,32,10,,YY,V,,48.0,K
9000297,KH0675,UR297,9000297_337,,1,337,,32,12,,YY,V,,47.5,K
9000297,KH0675,UR297,9000297_336,,1,336,,32,0,,YY,V,,1.0,B
9000297,KH0675,UR297,9000297_338,,1,338,,32,64,,YY,V,,45.5,K
9000297,KH0675,UR297,9000297_339,,1,339,,32,96,,YB,V,,38.0,K
9000297,KH0675,UR297,9000297_339s1,9000297_339,2,339516,,,0,,GG,U,,48.0,K
9000297,KH0675,UR297,9000297_340,,1,340,,33,157,,YY,V,,35.5,K
9000297,KH0675,UR297,9000297_340s1,9000297_340,2,340518,,,22,,GG,U,,44.0,K
9000297,KH0675,UR297,9000297_341,,1,341,,33,0,,YY,V,,46.0,K
9000297,KH0675,UR297,9000297_342,,1,342,,33,10,,W,V,,39.0,K
9000297,KH0675,UR297,9000297_343,,1,343,,33,10,,W,V,,40.0,K
9000297,KH0675,UR297,9000297_344,,1,344,,33,10,,W,V,,42.5,K
9000297,KH0675,UR297,9000297_345,,1,345,,33,0,,W,V,,39.5,K
9000297,KH0675,UR297,9000297_346,,1,346,,33,37,,W,V,,32.0,K
9000297,KH0675,UR297,9000297_347,,1,347,,33,50,,W,V,,35.5,K
9000297,KH0675,UR297,9000297_348,,1,348,,33,10,,W,V,,42.0,K
9000297,KH0675,UR297,9000297_349,,1,349,,33,10,,W,V,,42.0,K
9000297,KH0675,UR297,9000297_350,,1,350,,33,20,,W,V,,40.5,K
9000297,KH0675,UR297,9000297_351,,1,351,,34,100,,YB,V,,14.5,B
9000297,KH0675,UR297,9000297_351s1,9000297_351,2,351530,,,30,,AB,U,,41.0,K
9000297,KH0675,UR297,9000297_352,,1,352,,34,0,,YY,V,,45.5,K
9000297,KH0675,UR297,9000297_353,,1,353,,34,0,,YY,V,,47.0,K
9000297,KH0675,UR297,9000297_354,,1,354,,34,10,,YY,V,,41.5,K
9000297,KH0675,UR297,9000297_355,,1,355,,34,0,,YY,V,,24.0,B
9000297,KH0675,UR297,9000297_356,,1,356,,34,20,,YY,V,,47.0,K
9000297,KH0675,UR297,9000297_357,,1,357,,34,10,,YY,V,,43.0,K
9000297,KH0675,UR297,9000297_358,,1,358,,34,30,,YY,V,,37.5,K
9000297,KH0675,UR297,9000297_359,,1,359,,34,10,,YY,V,,46.0,K
9000297,KH0675,UR297,9000297_360,,1,360,,34,20,,YY,V,,32.0,K
9000297,KH0675,UR297,9000297_361,,1,361,,34,50,,YY,V,,42.5,K
9000297,KH0675,UR297,9000297_362,,1,362,,35,0,,AB,V,,44.5,K
9000297,KH0675,UR297,9000297_363,,1,363,,35,0,,AB,V,,45.5,K
9000297,KH0675,UR297,9000297_364,,1,364,,35,14,,AB,V,,38.5,K
9000297,KH0675,UR297,9000297_365,,1,365,,35,10,,AB,V,,45.0,K
9000297,KH0675,UR297,9000297_366,,1,366,,35,10,,AB,V,,36.5,B
9000297,KH0675,UR297,9000297_367,,1,367,,35,20,,AB,V,,41.0,K
9000297,KH0675,UR297,9000297_368,,1,368,,35,40,,AB,V,,37.0,K
9000297,KH0675,UR297,9000297_369,,1,369,,35,43,,AB,V,,35.5,K
9000297,KH0675,UR297,9000297_370,,1,370,,35,20,,AB,V,,41.5,K
9000297,KH0675,UR297,9000297_371,,1,371,,35,80,,AB,V,,38.5,K
9000297,KH0675,UR297,9000297_372,,1,372,,35,237,,W,V,,43.0,K
9000297,KH0675,UR297,9000297_372s1,9000297_372,2,372552,,,72,,GG,U,,30.5,K
9000297,KH0675,UR297,9000297_373,,1,373,,36,0,,W,V,,54.5,K
9000297,KH0675,UR297,9000297_374,,1,374,,36,0,,W,V,,52.0,K
9000297,KH0675,UR297,9000297_375,,1,375,,36,0,,W,V,,39.0,B
9000297,KH0675,UR297,9000297_376,,1,376,,36,0,,W,V,,21.0,K
9000297,KH0675,UR297,9000297_377,,1,377,,36,0,,W,V,,30.0,K
9000297,KH0675,UR297,9000297_378,,1,378,,36,20,,KB,V,,0.0,B
9000297,KH0675,UR297,9000297_379,,1,379,,36,0,,W,V,,42.0r,
9000297,KH0675,UR297,9000297_380,,1,380,,36,0,,W,V,,47.0,K
9000297,KH0675,UR297,9000297_381,,1,381,,36,0,,W,V,,52.5,K
9000297,KH0675,UR297,9000297_382,,1,382,,36,0,,W,V,,52.5r,
9000297,KH0675,UR297,9000297_383,,1,383,,36,20,,W,V,,51.0,K
9000297,KH0675,UR297,9000297_384,,1,384,,37,0,,W,V,,54.5,K
9000297,KH0675,UR297,9000297_385,,1,385,,37,0,,W,V,,53.5,K
9000297,KH0675,UR297,9000297_386,,1,386,,37,10,,W,V,,56.5,K
9000297,KH0675,UR297,9000297_387,,1,387,,37,0,,W,V,,55.0,K
9000297,KH0675,UR297,9000297_388,,1,388,,37,0,,W,V,,8.0,B
9000297,KH0675,UR297,9000297_389,,1,389,,37,20,,AB,V,,44.5,B
9000297,KH0675,UR297,9000297_390,,1,390,,37,0,,W,V,,56.0,K
9000297,KH0675,UR297,9000297_391,,1,391,,37,0,,W,V,,56.0,K
9000297,KH0675,UR297,9000297_392,,1,392,,37,0,,W,V,,53.0,K
9000297,KH0675,UR297,9000297_393,,1,393,,37,0,,W,V,,51.0,K
9000297,KH0675,UR297,9000297_394,,1,394,,37,10,,W,V,,53.0,K
9000297,KH0675,UR297,9000297_395,,1,395,,38,0,,YY,Z,,54.5,K
9000297,KH0675,UR297,9000297_396,,1,396,,38,0,,YY,Z,,57.0,K
9000297,KH0675,UR297,9000297_397,,1,397,,38,0,,YY,Z,,54.0,K
9000297,KH0675,UR297,9000297_398,,1,398,,38,0,,YY,Z,,32.0,K
9000297,KH0675,UR297,9000297_399,,1,399,,38,0,,YY,Z,,55.0,K
9000297,KH0675,UR297,9000297_400,,1,400,,38,40,,KB,Z,,42.0,K
9000297,KH0675,UR297,9000297_400s1,9000297_400,2,400581,,,40,,YY,U,,59.0r,
9000297,KH0675,UR297,9000297_401,,1,401,,38,0,,YY,V,,51.5,K
9000297,KH0675,UR297,9000297_402,,1,402,,38,0,,YY,V,,50.5,K
9000297,KH0675,UR297,9000297_403,,1,403,,38,0,,YY,V,,55.0,K
9000297,KH0675,UR297,9000297_404,,1,404,,38,10,,YY,V,,51.0,K
9000297,KH0675,UR297,9000297_405,,1,405,,38,70,,YY,V,,44.0,K
9000297,KH0675,UR297,9000297_406,,1,406,,39,0,,AB,V,,59.0r,
9000297,KH0675,UR297,9000297_407,,1,407,,39,0,,AB,V,,61.5,K
9000297,KH0675,UR297,9000297_408,,1,408,,39,0,,AB,V,,60.0r,
9000297,KH0675,UR297,9000297_409,,1,409,,39,40,,AB,V,,55.5,K
9000297,KH0675,UR297,9000297_410,,1,410,,39,40,,AB,V,,56.5,K
9000297,KH0675,UR297,9000297_411,,1,411,,39,30,,KB,V,,8.5,B
9000297,KH0675,UR297,9000297_411s1,9000297_411,2,411593,,,20,,W,U,,60.0r,
9000297,KH0675,UR297,9000297_412,,1,412,,39,0,,AB,V,,58.0,K
9000297,KH0675,UR297,9000297_413,,1,413,,39,0,,?,V,,0.0,B
9000297,KH0675,UR297,9000297_414,,1,414,,39,0,,AB,V,,62.5r,
9000297,KH0675,UR297,9000297_415,,1,415,,39,0,,AB,V,,61.0,K
9000297,KH0675,UR297,9000297_416,,1,416,,39,0,,AB,V,,34.0,K
9000297,KH0675,UR297,9000297_417,,1,417,,40,0,,?,V,,0.0,B
9000297,KH0675,UR297,9000297_418,,1,418,,40,0,,YB,V,,49.0,K
9000297,KH0675,UR297,9000297_419,,1,419,,40,0,,YB,V,,46.5,K
9000297,KH0675,UR297,9000297_420,,1,420,,40,0,,YB,V,,53.0,K
9000297,KH0675,UR297,9000297_421,,1,421,,40,0,,W,V,,49.5,K
9000297,KH0675,UR297,9000297_422,,1,422,,40,40,,KB,V,,39.0,K
9000297,KH0675,UR297,9000297_422s1,9000297_422,2,422605,,,42,,AB,U,,50.5,K
9000297,KH0675,UR297,9000297_423,,1,423,,40,0,,W,V,,16.0,B
9000297,KH0675,UR297,9000297_424,,1,424,,40,1,,W,V,,44.0,K
9000297,KH0675,UR297,9000297_425,,1,425,,40,0,,W,V,,51.0,K
9000297,KH0675,UR297,9000297_426,,1,426,,40,20,,W,V,,47.5,K
9000297,KH0675,UR297,9000297_427,,1,427,,40,60,,W,V,,41.5,K
9000297,KH0675,UR297,9000297_428,,1,428,,41,2,,YB,V,,32.5r,
9000297,KH0675,UR297,9000297_429,,1,429,,41,0,,YB,V,,48.5,K
9000297,KH0675,UR297,9000297_430,,1,430,,41,10,,YB,V,,46.5,K
9000297,KH0675,UR297,9000297_431,,1,431,,41,10,,YB,V,,44.0,K
9000297,KH0675,UR297,9000297_432,,1,432,,41,0,,YB,V,,28.5r,
9000297,KH0675,UR297,9000297_433,,1,433,,41,120,,AB,V,,37.5,K
9000297,KH0675,UR297,9000297_433s1,9000297_433,2,433617,,,2,,KB,U,,41.0,K
9000297,KH0675,UR297,9000297_433s2,9000297_433,2,433618,,,0,,YY,U,,26.0,K
9000297,KH0675,UR297,9000297_434,,1,434,,41,10,,YB,V,,49.5,K
9000297,KH0675,UR297,9000297_435,,1,435,,41,10,,YB,V,,49.0,K
9000297,KH0675,UR297,9000297_436,,1,436,,41,20,,YB,V,,49.0,K
9000297,KH0675,UR297,9000297_437,,1,437,,41,20,,YB,V,,41.0,K
9000297,KH0675,UR297,9000297_438,,1,438,,41,40,,YB,V,,48.5,K
9000298,KH0674,UR298,9000298_1,,1,1,,1,551,,KB:W,R,,29.0,
9000298,KH0674,UR298,9000298_1s1,9000298_1,2,1002,,,40,,KB,U,,19.0,
9000298,KH0674,UR298,9000298_2,,1,2,,1,270,,KB:W,R,,33.0,
9000298,KH0674,UR298,9000298_2s1,9000298_2,2,2004,,,37,,KB,U,,23.0,
9000298,KH0674,UR298,9000298_3,,1,3,,1,125,,KB:W,R,,35.5,
9000298,KH0674,UR298,9000298_3s1,9000298_3,2,3006,,,30,,FB,U,,36.5,
9000298,KH0674,UR298,9000298_4,,1,4,,1,295,,KB:W,R,,26.0,
9000298,KH0674,UR298,9000298_4s1,9000298_4,2,4008,,,21,,KB,U,,43.5,
9000298,KH0674,UR298,9000298_4s2,9000298_4,2,4009,,,25,,KB:W,U,,33.0,
9000298,KH0674,UR298,9000298_5,,1,5,,1,0,,KB:W,U,,43.0,
9000298,KH0674,UR298,9000298_6,,1,6,,1,0,,KB:W,U,,44.0,
9000298,KH0674,UR298,9000298_7,,1,7,,2,30,,OB,R,,33.0,
9000298,KH0674,UR298,9000298_8,,1,8,,2,20,,OB,R,,34.0,
9000298,KH0674,UR298,9000298_9,,1,9,,2,11,,OB,R,,32.0,
9000298,KH0674,UR298,9000298_10,,1,10,,2,17,,OB,R,,27.5,
9000298,KH0674,UR298,9000298_11,,1,11,,2,20,,OB,R,,33.0,
9000298,KH0674,UR298,9000298_12,,1,12,,2,10,,OB,R,,34.0,
9000298,KH0674,UR298,9000298_13,,1,13,,2,4,,GG:BL:AB,R,,44.5,
9000298,KH0674,UR298,9000298_14,,1,14,,2,4,,GG:BL:AB,R,,44.5,
9000298,KH0674,UR298,9000298_15,,1,15,,2,7,,GG:BL:AB,R,,43.0,
9000298,KH0674,UR298,9000298_16,,1,16,,2,2,,GG:BL:AB,R,,43.0,
9000298,KH0674,UR298,9000298_17,,1,17,,2,2,,GG:BL:AB,R,,35.0,
9000298,KH0674,UR298,9000298_18,,1,18,,2,1,,GG:BL:AB,R,,52.0,
9000298,KH0674,UR298,9000298_19,,1,19,,2,212,,MB:AB,R,,36.5,
9000298,KH0674,UR298,9000298_19s1,9000298_19,2,19025,,,20,,B,U,,28.0,
9000298,KH0674,UR298,9000298_20,,1,20,,2,134,,MB:AB,R,,38.5,
9000298,KH0674,UR298,9000298_20s1,9000298_20,2,20027,,,10,,B,U,,28.5,
9000298,KH0674,UR298,9000298_21,,1,21,,2,226,,MB:AB,R,,34.0,
9000298,KH0674,UR298,9000298_21s1,9000298_21,2,21029,,,10,,B,U,,27.5,
9000298,KH0674,UR298,9000298_22,,1,22,,2,234,,MB:AB,R,,35.0,
9000298,KH0674,UR298,9000298_22s1,9000298_22,2,22031,,,20,,B,U,,26.0,
9000298,KH0674,UR298,9000298_23,,1,23,,2,174,,MB:AB,R,,31.5,
9000298,KH0674,UR298,9000298_23s1,9000298_23,2,23033,,,10,,B,U,,31.5,
9000298,KH0674,UR298,9000298_24,,1,24,,2,116,,MB:AB,R,,43.0,
9000298,KH0674,UR298,9000298_24s1,9000298_24,2,24035,,,10,,B,U,,28.5,
9000298,KH0674,UR298,9000298_25,,1,25,,2,1,,OB,R,,36.0,
9000298,KH0674,UR298,9000298_26,,1,26,,2,1,,OB,R,,40.5,
9000298,KH0674,UR298,9000298_27,,1,27,,2,1,,OB,R,,37.0,
9000298,KH0674,UR298,9000298_28,,1,28,,2,2,,OB,R,,44.0,
9000298,KH0674,UR298,9000298_29,,1,29,,2,2,,OB,R,,35.0,
9000298,KH0674,UR298,9000298_30,,1,30,,2,1,,OB,R,,41.0,
9000298,KH0674,UR298,9000298_31,,1,31,,3,0,,GG:MB,R,,42.0,
9000298,KH0674,UR298,9000298_32,,1,32,,3,0,,GG:MB,R,,46.0,
9000298,KH0674,UR298,9000298_33,,1,33,,3,0,,GG:MB,R,,45.5,
9000298,KH0674,UR298,9000298_34,,1,34,,3,0,,GG:MB,R,,44.5,
9000298,KH0674,UR298,9000298_35,,1,35,,3,0,,GG:MB,R,,44.0,
9000298,KH0674,UR298,9000298_36,,1,36,,3,0,,GG:MB,R,,42.5,
9000298,KH0674,UR298,9000298_37,,1,37,,3,130,,B,R,,35.0,
9000298,KH0674,UR298,9000298_37s1,9000298_37,2,37049,,,116,,OB,U,,26.5,
9000298,KH0674,UR298,9000298_38,,1,38,,3,73,,MB-B,R,,37.0,
9000298,KH0674,UR298,9000298_38s1,9000298_38,2,38051,,,43,,B,U,,27.0,
9000298,KH0674,UR298,9000298_39,,1,39,,3,77,,MB-B,R,,34.5,
9000298,KH0674,UR298,9000298_39s1,9000298_39,2,39053,,,44,,B,U,,23.0,
9000298,KH0674,UR298,9000298_40,,1,40,,3,76,,GG:B,R,,39.0,
9000298,KH0674,UR298,9000298_40s1,9000298_40,2,40055,,,34,,B,U,,27.5,
9000298,KH0674,UR298,9000298_41,,1,41,,3,36,,MB-B,R,,46.0,
9000298,KH0674,UR298,9000298_41s1,9000298_41,2,41057,,,32,,B,U,,25.0,
9000298,KH0674,UR298,9000298_42,,1,42,,3,96,,MB-B,R,,30.0,
9000298,KH0674,UR298,9000298_42s1,9000298_42,2,42059,,,32,,B,U,,22.5,
9000298,KH0674,UR298,9000298_43,,1,43,,3,122,,YY,R,,41.5,
9000298,KH0674,UR298,9000298_43s1,9000298_43,2,43061,,,30,,B,U,,26.5,
9000298,KH0674,UR298,9000298_43s1s1,9000298_43s1,3,43062,,,1,,AB,U,,14.0,
9000298,KH0674,UR298,9000298_44,,1,44,,3,55,,YY,R,,34.5,
9000298,KH0674,UR298,9000298_44s1,9000298_44,2,44064,,,10,,B,U,,26.5,
9000298,KH0674,UR298,9000298_44s1s1,9000298_44s1,3,44065,,,0,,W,U,,14.5,
9000298,KH0674,UR298,9000298_45,,1,45,,3,45,,YY,R,,40.0,
9000298,KH0674,UR298,9000298_45s1,9000298_45,2,45067,,,10,,B,U,,28.0,
9000298,KH0674,UR298,9000298_45s1s1,9000298_45s1,3,45068,,,0,,W,U,,17.5,
9000298,KH0674,UR298,9000298_46,,1,46,,3,37,,YY,R,,36.5,
9000298,KH0674,UR298,9000298_46s1,9000298_46,2,46070,,,10,,B,U,,28.0,
9000298,KH0674,UR298,9000298_46s1s1,9000298_46s1,3,46071,,,1,,W,U,,14.5,
9000298,KH0674,UR298,9000298_47,,1,47,,3,29,,YY,R,,36.0,
9000298,KH0674,UR298,9000298_47s1,9000298_47,2,47073,,,10,,B,U,,29.5,
9000298,KH0674,UR298,9000298_47s1s1,9000298_47s1,3,47074,,,1,,W,U,,14.0,
9000298,KH0674,UR298,9000298_48,,1,48,,3,27,,YY,R,,32.0,
9000298,KH0674,UR298,9000298_48s1,9000298_48,2,48076,,,10,,B,U,,28.5,
9000298,KH0674,UR298,9000298_48s1s1,9000298_48s1,3,48077,,,0,,W,U,,15.5,
9000298,KH0674,UR298,9000298_49,,1,49,,4,444,,VB,R,,37.0,
9000298,KH0674,UR298,9000298_49s1,9000298_49,2,49079,,,111,,AB,U,,30.0,
9000298,KH0674,UR298,9000298_49s1s1,9000298_49s1,3,49080,,,3,,GG-AB,U,,39.5,
9000298,KH0674,UR298,9000298_49s1s2,9000298_49s1,3,49081,,,50,,B,U,,30.0,
9000298,KH0674,UR298,9000298_49s1s3,9000298_49s1,3,49082,,,30,,W,U,,34.0,
9000298,KH0674,UR298,9000298_49s2,9000298_49,2,49083,,,50,,MB,U,,31.0,
9000298,KH0674,UR298,9000298_49s3,9000298_49,2,49084,,,2,,YY,U,,35.0,
9000298,KH0674,UR298,9000298_50,,1,50,,4,123,,VB,R,,36.0,
9000298,KH0674,UR298,9000298_50s1,9000298_50,2,50086,,,90,,YY,U,,21.5,
9000298,KH0674,UR298,9000298_50s1s1,9000298_50s1,3,50087,,,2,,GG-AB,U,,32.0,
9000298,KH0674,UR298,9000298_50s1s2,9000298_50s1,3,50088,,,30,,B,U,,35.0,
9000298,KH0674,UR298,9000298_50s2,9000298_50,2,50089,,,50,,B,U,,32.5,
9000298,KH0674,UR298,9000298_50s3,9000298_50,2,50090,,,15,,YY,U,,30.0,
9000298,KH0674,UR298,9000298_51,,1,51,,4,171,,VB,R,,30.5,
9000298,KH0674,UR298,9000298_51s1,9000298_51,2,51092,,,90,,AB,U,,21.0,
9000298,KH0674,UR298,9000298_51s1s1,9000298_51s1,3,51093,,,4,,AB-GG,U,,43.0,
9000298,KH0674,UR298,9000298_51s1s2,9000298_51s1,3,51094,,,30,,MB,U,,34.0,
9000298,KH0674,UR298,9000298_51s2,9000298_51,2,51095,,,60,,MB,U,,28.0,
9000298,KH0674,UR298,9000298_51s3,9000298_51,2,51096,,,17,,YY,U,,32.0,
9000298,KH0674,UR298,9000298_52,,1,52,,4,147,,VB,R,,24.5,
9000298,KH0674,UR298,9000298_52s1,9000298_52,2,52098,,,80,,AB,U,,22.5,
9000298,KH0674,UR298,9000298_52s1s1,9000298_52s1,3,52099,,,3,,AB-GG,U,,36.0,
9000298,KH0674,UR298,9000298_52s1s2,9000298_52s1,3,52100,,,30,,B,U,,30.0,
9000298,KH0674,UR298,9000298_52s2,9000298_52,2,52101,,,50,,B,U,,33.0,
9000298,KH0674,UR298,9000298_52s3,9000298_52,2,52102,,,18,,W,U,,32.0,
9000298,KH0674,UR298,9000298_53,,1,53,,4,165,,VB,R,,27.0,
9000298,KH0674,UR298,9000298_53s1,9000298_53,2,53104,,,70,,AB,U,,26.0,
9000298,KH0674,UR298,9000298_53s1s1,9000298_53s1,3,53105,,,2,,AB-GG,U,,35.0,
9000298,KH0674,UR298,9000298_53s1s2,9000298_53s1,3,53106,,,0,,B,U,,4.5,
9000298,KH0674,UR298,9000298_53s2,9000298_53,2,53107,,,50,,B,U,,27.0,
9000298,KH0674,UR298,9000298_54,,1,54,,4,162,,VB,R,,28.5,
9000298,KH0674,UR298,9000298_54s1,9000298_54,2,54109,,,82,,AB,U,,21.0,
9000298,KH0674,UR298,9000298_54s1s1,9000298_54s1,3,54110,,,1,,B-GG,U,,32.0,
9000298,KH0674,UR298,9000298_54s1s2,9000298_54s1,3,54111,,,30,,MB,U,,27.5,
9000298,KH0674,UR298,9000298_54s2,9000298_54,2,54112,,,40,,MB,U,,33.0,
9000298,KH0674,UR298,9000298_54s3,9000298_54,2,54113,,,18,,W,U,,33.5,
9000298,KH0674,UR298,9000298_55,,1,55,,4,60,,KB:W,R,,57.0,
9000298,KH0674,UR298,9000298_55s1,9000298_55,2,55115,,,30,,W,U,,31.5,
9000298,KH0674,UR298,9000298_56,,1,56,,4,14,,KB:W,R,,47.0,
9000298,KH0674,UR298,9000298_56s1,9000298_56,2,56117,,,10,,W,U,,29.0,
9000298,KH0674,UR298,9000298_57,,1,57,,4,15,,KB:W,R,,50.0,
9000298,KH0674,UR298,9000298_57s1,9000298_57,2,57119,,,55,,W,U,,32.0,
9000298,KH0674,UR298,9000298_58,,1,58,,4,10,,KB:W,R,,62.0,
9000298,KH0674,UR298,9000298_58s1,9000298_58,2,58121,,,30,,W,U,,40.5,
9000298,KH0674,UR298,9000298_59,,1,59,,4,30,,KB:W,R,,54.0,
9000298,KH0674,UR298,9000298_59s1,9000298_59,2,59123,,,25,,W,U,,38.0,
9000298,KH0674,UR298,9000298_60,,1,60,,4,30,,KB:W,R,,52.0,
9000298,KH0674,UR298,9000298_60s1,9000298_60,2,60125,,,14,,W,U,,34.0,
9000298,KH0674,UR298,9000298_61,,1,61,,4,431,,KB:W,R,,58.5,
9000298,KH0674,UR298,9000298_61s1,9000298_61,2,61127,,,62,,YY,U,,34.0,
9000298,KH0674,UR298,9000298_61s1s1,9000298_61s1,3,61128,,,61,,KB,U,,31.5,
9000298,KH0674,UR298,9000298_61s2,9000298_61,2,61129,,,45,,YY,U,,34.5,
9000298,KH0674,UR298,9000298_61s3,9000298_61,2,61130,,,23,,KB:W,U,,22.0,
9000298,KH0674,UR298,9000298_61s4,9000298_61,2,61131,,,162,,W,U,,32.0,
9000298,KH0674,UR298,9000298_62,,1,62,,4,340,,MB,R,,48.5,
9000298,KH0674,UR298,9000298_63,,1,63,,4,70,,MB,R,,46.0,
9000298,KH0674,UR298,9000298_64,,1,64,,4,120,,MB,R,,27.5,
9000298,KH0674,UR298,9000298_65,,1,65,,4,120,,MB,R,,28.0,
9000298,KH0674,UR298,9000298_66,,1,66,,4,60,,MB,R,,23.5,
9000298,KH0674,UR298,9000298_67,,1,67,,4,50,,MB,R,,32.5,
9000298,KH0674,UR298,9000298_68,,1,68,,5,1471,,YB,R,,31.0,
9000298,KH0674,UR298,9000298_69,,1,69,,5,654,,YB,R,,30.0,
9000298,KH0674,UR298,9000298_70,,1,70,,5,604,,YB,R,,24.0,
9000298,KH0674,UR298,9000298_71,,1,71,,5,617,,YB,R,,31.0,K
9000298,KH0674,UR298,9000298_72,,1,72,,5,105,,YB,R,,40.0,K
9000298,KH0674,UR298,9000298_73,,1,73,,5,608,,YB,R,,32.5,K
9000298,KH0674,UR298,9000298_74,,1,74,,5,0,,MB,R,,68.5r,
9000298,KH0674,UR298,9000298_75,,1,75,,5,0,,MB,R,,63.5,K
9000298,KH0674,UR298,9000298_76,,1,76,,5,0,,MB,R,,65.5,K
9000298,KH0674,UR298,9000298_77,,1,77,,5,0,,MB,R,,62.5,K
9000298,KH0674,UR298,9000298_78,,1,78,,5,0,,MB,R,,62.5,K
9000298,KH0674,UR298,9000298_79,,1,79,,5,0,,MB,R,,62.5,K
9000298,KH0674,UR298,9000298_80,,1,80,,5,609,,MB,R,,37.0,K
9000298,KH0674,UR298,9000298_80s1,9000298_80,2,80151,,,100,,MB:AB,U,,39.0,K
9000298,KH0674,UR298,9000298_81,,1,81,,5,213,,MB,R,,46.0,K
9000298,KH0674,UR298,9000298_81s1,9000298_81,2,81153,,,10,,MB:AB,U,,39.0,K
9000298,KH0674,UR298,9000298_82,,1,82,,5,240,,MB,R,,50.0,K
9000298,KH0674,UR298,9000298_82s1,9000298_82,2,82155,,,10,,MB:AB,U,,39.0,K
9000298,KH0674,UR298,9000298_83,,1,83,,5,240,,MB,R,,43.0,K
9000298,KH0674,UR298,9000298_83s1,9000298_83,2,83157,,,10,,MB:AB,U,,38.5,K
9000298,KH0674,UR298,9000298_84,,1,84,,5,186,,MB,R,,37.0,K
9000298,KH0674,UR298,9000298_84s1,9000298_84,2,84159,,,0,,MB:AB,U,,43.0,K
9000298,KH0674,UR298,9000298_85,,1,85,,5,162,,MB,R,,48.0,K
9000298,KH0674,UR298,9000298_85s1,9000298_85,2,85161,,,50,,MB:AB,U,,35.5,K
9000298,KH0674,UR298,9000298_86,,1,86,,5,58,,RD,R,,24.0,K
9000298,KH0674,UR298,9000298_87,,1,87,,5,25,,DB,R,,30.0,K
9000298,KH0674,UR298,9000298_88,,1,88,,5,830,,YY,R,,27.5,K
9000298,KH0674,UR298,9000298_89,,1,89,,5,208,,YY,R,,32.0,K
9000298,KH0674,UR298,9000298_90,,1,90,,5,104,,YY,R,,34.5,K
9000298,KH0674,UR298,9000298_91,,1,91,,5,210,,YY,R,,40.0,K
9000298,KH0674,UR298,9000298_92,,1,92,,5,30,,YY,R,,41.5,K
9000298,KH0674,UR298,9000298_93,,1,93,,5,137,,YY,R,,35.0,K
9000298,KH0674,UR298,9000298_94,,1,94,,6,20,,MB,R,,50.5,K
9000298,KH0674,UR298,9000298_95,,1,95,,6,5,,YY,R,,43.5,K
9000298,KH0674,UR298,9000298_96,,1,96,,6,5,,MB,R,,48.0,K
9000298,KH0674,UR298,9000298_97,,1,97,,6,10,,YY,R,,38.5,B
9000298,KH0674,UR298,9000298_98,,1,98,,6,10,,MB,R,,51.0,K
9000298,KH0674,UR298,9000298_99,,1,99,,6,2,,YY,R,,34.5,B
9000298,KH0674,UR298,9000298_100,,1,100,,7,753,,KB:AB,R,,39.5,K
9000298,KH0674,UR298,9000298_100s1,9000298_100,2,100177,,,10,,FB,U,,39.5,K
9000298,KH0674,UR298,9000298_101,,1,101,,7,111,,FB:AB,R,,44.0,K
9000298,KH0674,UR298,9000298_102,,1,102,,7,126,,KB:AB,R,,50.5,K
9000298,KH0674,UR298,9000298_102s1,9000298_102,2,102180,,,10,,FB,U,,42.5,K
9000298,KH0674,UR298,9000298_103,,1,103,,7,0,,FB:AB,R,,46.5,K
9000298,KH0674,UR298,9000298_104,,1,104,,7,134,,KB:AB,R,,56.5,K
9000298,KH0674,UR298,9000298_104s1,9000298_104,2,104183,,,10,,FB,U,,39.5,K
9000298,KH0674,UR298,9000298_105,,1,105,,7,0,,FB:AB,R,,49.0,K
9000298,KH0674,UR298,9000298_106,,1,106,,7,728,,KB:AB,R,,41.0,K
9000298,KH0674,UR298,9000298_106s1,9000298_106,2,106186,,,10,,FB,U,,37.5,K
9000298,KH0674,UR298,9000298_107,,1,107,,7,0,,FB:AB,R,,49.0,K
9000298,KH0674,UR298,9000298_108,,1,108,,7,179,,KB:AB,R,,38.5,K
9000298,KH0674,UR298,9000298_108s1,9000298_108,2,108189,,,0,,FB,U,,46.0,K
9000298,KH0674,UR298,9000298_109,,1,109,,7,0,,FB:AB,R,,50.0,K
9000298,KH0674,UR298,9000298_110,,1,110,,7,79,,KB:AB,R,,38.0,K
9000298,KH0674,UR298,9000298_110s1,9000298_110,2,110192,,,10,,FB,U,,45.5,K
9000298,KH0674,UR298,9000298_111,,1,111,,7,0,,FB:AB,R,,47.0,K
9000298,KH0674,UR298,9000298_112,,1,112,,8,3300,,FB:W,R,,42.5,K
9000298,KH0674,UR298,9000298_113,,1,113,,8,1300,,FB:AB,R,,46.0,K
9000298,KH0674,UR298,9000298_114,,1,114,,8,480,,FB:AB,R,,32.5,K
9000298,KH0674,UR298,9000298_115,,1,115,,8,1950,,FB:W,R,,27.0,K
9000298,KH0674,UR298,9000298_116,,1,116,,8,300,,FB:AB,R,,47.5,K
9000298,KH0674,UR298,9000298_117,,1,117,,8,805,,FB:AB,R,,35.0,K
9000298,KH0674,UR298,9000298_118,,1,118,,8,440,,HB,R,,34.5,B
9000298,KH0674,UR298,9000298_119,,1,119,,8,20,,HB,R,,38.0,K
9000298,KH0674,UR298,9000298_120,,1,120,,8,0,,HB,R,,41.0,K
9000298,KH0674,UR298,9000298_121,,1,121,,8,0,,HB,R,,44.0r,
9000298,KH0674,UR298,9000298_122,,1,122,,8,0,,HB,R,,41.0,K
9000298,KH0674,UR298,9000298_123,,1,123,,8,18,,HB,R,,26.5,K
9000298,KH0674,UR298,9000298_124,,1,124,,9,104,,KB,R,,31.5,K
9000298,KH0674,UR298,9000298_125,,1,125,,9,102,,KB,R,,46.0,K
9000298,KH0674,UR298,9000298_126,,1,126,,9,103,,KB,R,,45.0,K
9000298,KH0674,UR298,9000298_127,,1,127,,9,103,,KB,R,,28.0,K
9000298,KH0674,UR298,9000298_128,,1,128,,9,100,,KB,R,,39.0,K
9000298,KH0674,UR298,9000298_129,,1,129,,9,102,,KB,R,,34.5,K
9000298,KH0674,UR298,9000298_130,,1,130,,9,0,,YY,R,,52.0,K
9000298,KH0674,UR298,9000298_131,,1,131,,9,0,,YY,R,,58.0,K
9000298,KH0674,UR298,9000298_132,,1,132,,9,0,,YY,R,,49.0,K
9000298,KH0674,UR298,9000298_133,,1,133,,9,0,,YY,R,,48.0,K
9000298,KH0674,UR298,9000298_134,,1,134,,9,12,,YY,R,,44.0r,
9000298,KH0674,UR298,9000298_136,,1,136,,9,0,,YY,R,,46.0r,
9000298,KH0674,UR298,9000298_135,,1,135,,9,0,,MB,R,,6.0,B
9000298,KH0674,UR298,9000298_137,,1,137,,9,12,,YY,V,,62.0,K
9000298,KH0674,UR298,9000298_138,,1,138,,9,0,,MB,R,,39.0,K
9000298,KH0674,UR298,9000298_139,,1,139,,9,0,,YY,V,,64.0,K
9000298,KH0674,UR298,9000298_140,,1,140,,9,2,,YY,R,,50.0r,
9000298,KH0674,UR298,9000298_141,,1,141,,9,0,,MB,R,,45.0,K
9000298,KH0674,UR298,9000298_142,,1,142,,9,0,,MB,R,,73.5r,
9000298,KH0674,UR298,9000298_143,,1,143,,9,0,,MB,R,,76.0r,
9000298,KH0674,UR298,9000298_144,,1,144,,9,0,,MB,R,,72.0r,
9000298,KH0674,UR298,9000298_145,,1,145,,9,0,,MB,R,,79.0r,
9000298,KH0674,UR298,9000298_146,,1,146,,9,0,,MB,R,,83.0r,
9000298,KH0674,UR298,9000298_147,,1,147,,9,0,,MB,R,,67.0,K
9000298,KH0674,UR298,9000298_148,,1,148,,9,0,,MB,R,,64.0,B
9000298,KH0674,UR298,9000298_149,,1,149,,9,0,,MB,R,,74.5,K
9000298,KH0674,UR298,9000298_150,,1,150,,9,0,,RB,R,,50.0,K
9000298,KH0674,UR298,9000298_151,,1,151,,9,0,,RB,R,,49.0,K
9000298,KH0674,UR298,9000298_152,,1,152,,9,0,,RB,R,,41.0,B
9000298,KH0674,UR298,9000298_153,,1,153,,9,0,,RB,R,,30.5,B
9000298,KH0674,UR298,9000298_154,,1,154,,9,0,,YB,R,,61.5,K
9000298,KH0674,UR298,9000298_155,,1,155,,9,0,,YB,R,,44.5r,
9000298,KH0674,UR298,9000298_156,,1,156,,9,0,,YY,R,,22.5,K
9000298,KH0674,UR298,9000298_157,,1,157,,9,0,,YB,R,,41.0r,
9000298,KH0674,UR298,9000298_158,,1,158,,9,0,,AB,R,,46.0,K
9000298,KH0674,UR298,9000298_159,,1,159,,9,0,,AB,R,,46.5,B
9000298,KH0674,UR298,9000298_160,,1,160,,9,0,,YY,R,,60.0,K
9000298,KH0674,UR298,9000298_161,,1,161,,9,0,,W,R,,15.0,B
9000298,KH0674,UR298,9000298_162,,1,162,,9,0,,W,R,,49.5,K
9000298,KH0674,UR298,9000298_163,,1,163,,9,0,,W,R,,45.5,K
9000298,KH0674,UR298,9000298_164,,1,164,,9,0,,W,R,,48.0,K
9000298,KH0674,UR298,9000298_165,,1,165,,9,0,,W,R,,47.5,K
9000298,KH0674,UR298,9000298_166,,1,166,,9,0,,W,R,,46.5,K
9000298,KH0674,UR298,9000298_167,,1,167,,9,0,,W,R,,43.0,K
9000298,KH0674,UR298,9000298_168,,1,168,,9,0,,W,R,,44.5,K
9000298,KH0674,UR298,9000298_169,,1,169,,9,0,,W,R,,49.5,K
9000298,KH0674,UR298,9000298_170,,1,170,,9,0,,W,R,,52.0,K
9000298,KH0674,UR298,9000298_171,,1,171,,9,0,,FB,R,,34.0,K
9000298,KH0674,UR298,9000298_172,,1,172,,9,0,,W,R,,52.0,K
9000298,KH0674,UR298,9000298_173,,1,173,,9,0,,YY,R,,43.5r,
9000298,KH0674,UR298,9000298_174,,1,174,,9,0,,YY,R,,25.5,B
9000298,KH0674,UR298,9000298_175,,1,175,,9,0,,YY,R,,39.5r,
9000298,KH0674,UR298,9000298_176,,1,176,,9,0,,YY,R,,34.5,B
9000298,KH0674,UR298,9000298_177,,1,177,,9,0,,YY,R,,37.5,B
9000298,KH0674,UR298,9000298_178,,1,178,,9,0,,YB,R,,43.5r,
9000298,KH0674,UR298,9000298_179,,1,179,,9,40,,MB,R,,39.5,K
9000298,KH0674,UR298,9000298_180,,1,180,,9,0,,YY,R,,29.0,B
9000298,KH0674,UR298,9000298_181,,1,181,,10,0,,MB,R,,11.5,B
9000298,KH0674,UR298,9000298_182,,1,182,,10,0,,YY,R,,18.5,B
9000298,KH0674,UR298,9000298_183,,1,183,,10,1380,,MB,R,,26.0,B
9000298,KH0674,UR298,9000298_184,,1,184,,10,1190,,MB:YB,R,,44.0,K
9000298,KH0674,UR298,9000298_185,,1,185,,10,1758,,VB,R,,29.0,K
9000298,KH0674,UR298,9000298_186,,1,186,,10,791,,KB:W,R,,35.5,K
9000298,KH0674,UR298,9000298_187,,1,187,,10,760,,MB,R,,17.0,K
9000298,KH0674,UR298,9000298_188,,1,188,,10,18067,,YY,R,,51.0,K
9000298,KH0674,UR298,9000298_189,,1,189,,10,2755,,B,R,,23.5,K
9000298,KH0674,UR298,9000298_190,,1,190,,10,57,,MB,R,,55.5,K
9000298,KH0674,UR298,9000298_191,,1,191,,10,2084,,MB:YB,R,,47.5,K
9000298,KH0674,UR298,9000298_192,,1,192,,10,1083,,LB,R,,25.5,K
9000298,KH0674,UR298,9000298_193,,1,193,,10,1136,,LB:W,R,,46.0,K
9000298,KH0674,UR298,9000298_194,,1,194,,10,1695,,VB,R,,42.0r,
9000298,KH0674,UR298,9000298_195,,1,195,,10,853,,KB:YY,R,,36.5,K
9000298,KH0674,UR298,9000298_196,,1,196,,10,1040,,MB,R,,34.5r,
9000298,KH0674,UR298,9000298_197,,1,197,,10,15980,,YY,R,,22.0r,
9000298,KH0674,UR298,9000298_198,,1,198,,10,0,,KB,R,,38.0,K
9000298,KH0674,UR298,9000298_199,,1,199,,10,56,,MB,R,,51.0,K
9000298,KH0674,UR298,9000298_200,,1,200,,10,0,,RB,R,,39.5r,
9000298,KH0674,UR298,9000298_201,,1,201,,10,1486,,YY:B,R,,42.5,K
9000298,KH0674,UR298,9000298_202,,1,202,,10,0,,W,R,,47.0,K
9000298,KH0674,UR298,9000298_203,,1,203,,0,0,,HB,?,,43.0,K
