ayllu,tributarios,viejos_reservados,ausentes,mujeres_adultas,viudas,muchachos,muchachas,ninos_ninas_sin_sexo,total_personas,n_households,n_casados,n_viudos_solteros,n_viudas_solteras,marks_1,doc_stated_total,doc_stated_tributarios,editors_cuadro1_personas,editors_cuadro1_unidades,sin_recaudo_households,sin_recaudo_tributarios,sin_recaudo_personas,notes
(casa del cacique principal),1,0,0,1,0,3,2,0,7,1,1,0,0,0,,,,,,,,"casa de don Diego Chauca Guaman, asentada antes de los ayllus; excluida del Cuadro 1 de los editores; el documento no da totales por ayllu; sumas excluyen filas ""muertos sin recaudo"""
Chillaco,16,5,0,17,0,15,7,0,60,23,17,6,0,14,,,60,17/23,,,,"el documento no da totales por ayllu; sumas excluyen filas ""muertos sin recaudo"""
Andapocro,3,2,0,4,1,5,4,0,19,6,4,1,1,4,,,19,4/6,,,,"el documento no da totales por ayllu; sumas excluyen filas ""muertos sin recaudo"""
Llangacapa,45,11,4,48,7,40,24,0,175,70,48,14,8,38,,,177,48/70,,,,"editores 177 vs 175 computado (posible diferencia: entradas testadas ""niculas caraca"" y ""cristoval hijo de""); el documento no da totales por ayllu; sumas excluyen filas ""muertos sin recaudo"""
Sisicaya,55,15,8,56,10,53,41,0,230,83,57,16,10,53,,,235,57/83,,,,"editores 235 vs 230 computado; el documento no da totales por ayllu; sumas excluyen filas ""muertos sin recaudo"""
Checa,12,5,17,12,3,9,7,0,48,21,11,7,3,11,,,48,11/21,3,4,8,"el documento no da totales por ayllu; sumas excluyen filas ""muertos sin recaudo"""
Lupo,2,0,0,1,0,2,0,0,5,3,1,2,0,1,,,5,1/3,,,,"el documento no da totales por ayllu; sumas excluyen filas ""muertos sin recaudo"""
Quinti,4,0,1,4,1,6,1,0,16,6,4,1,1,4,,,17,4/7,1,1,2,"editores 7 unidades/17 personas: probablemente cuentan el duplicado Cristoval Chauca (ausente) de la lista de viudos; el documento no da totales por ayllu; sumas excluyen filas ""muertos sin recaudo"""
Papano,14,8,9,18,4,12,14,0,70,27,19,4,4,14,,,71,19/29,,,,"editores 29/71: probablemente cuentan a ""ynes ticlla carva difunta viuda"" y a ""ysabel carva hija de..."" como unidades separadas; el documento no da totales por ayllu; sumas excluyen filas ""muertos sin recaudo"""
Yampilla,1,0,0,1,0,1,0,0,3,1,1,0,0,1,,,3,1/1,1,1,1,"el documento no da totales por ayllu; sumas excluyen filas ""muertos sin recaudo"""
Chaucarima,1,1,0,1,0,1,1,0,5,2,1,1,0,1,,,5,1/2,,,,"el documento no da totales por ayllu; sumas excluyen filas ""muertos sin recaudo"""
TOTAL,154,47,39,163,26,147,101,0,638,243,164,52,27,141,643,157,640 (+7 cacique = 647),163/245 (+1 = 246),5,6,11,resumen f.55v: 153 tributarios con el cacique + 4 muertos sin recaudo = 157; 39 viejos e impedidos (50+); 184 muchachos (17 abajo); 263 mujeres; 643 animas. Computado sin filas sin-recaudo: tributarios 154 vs 153; viejos+reservados 47 vs 39; muchachos 147 vs 184; mujeres (adultas+viudas+muchachas) 290 vs 263; personas 638 vs 639 (=643-4)
