num_prefix,via,year,note
VA42,Wilhelm Gretzer,1906–1907,"Bought with Gretzer's collection, labelled Pachacamac (Aschers, AS97 note; museum-digital)"
VA43,Wilhelm Gretzer,1906–1907,Gretzer's collection (museum-digital)
VA44,Wilhelm Gretzer,1906–1907,Gretzer's collection (museum-digital)
VA47,Wilhelm Gretzer,1907,"Ica khipus of the 1907 batch (Aschers, AS100 note)"
VA37,Wilhelm Gretzer,1906–1907,Gretzer's collection (museum-digital)
VA16,,1904,"Khipus 'between Ica and Pisco' acquired 1904 (Aschers, AS98 note)"
VA63,Eduard Gaffron,,Gaffron's collection (museum-digital); year not recorded
IVc.366.03,Arnold Masarey,1910,Dug near Huacho; bought 1910; mounted under Nordenskiöld 1924 (Medrano 2022)
PC.WBC.2016,Bill Conklin,2016,"Given to Dumbarton Oaks (record sheets, OKR)"
