kfg,aliases,khipu
CM009,,
KH0001,LL01; UR176,KH0001
KH0002,AS001,AS001
KH0003,AS002,AS002
KH0004,AS003,AS003
KH0005,AS004,AS004
KH0006,AS005,AS005
KH0007,AS006,AS006
KH0008,AS007,AS007
KH0009,AS008,AS008
KH0010,AS009,AS009
KH0011,AS010,AS010
KH0012,AS011,AS011
KH0013,AS012,AS012
KH0014,AS013,AS013
KH0015,AS014,AS014
KH0016,AS015,AS015
KH0017,AS016,AS016
KH0018,AS017,AS017
KH0019,AS018,AS018
KH0020,AS019,AS019
KH0021,AS020,AS020
KH0022,AS021,AS021
SA4037,,
KH0024,AS023,AS023
KH0025,AS024,AS024
KH0026,AS025,AS025
KH0027,AS026A,AS026A
KH0028,AS026B,AS026B
KH0029,AS027,AS027
KH0030,AS028,AS028
KH0031,AS029,AS029
KH0032,AS030; UR043,KH0032
KH0034,UR1032; AS032,UR1032
KH0035,UR1033A; AS033A,UR1033A
KH0036,UR1033B; AS033B,UR1033B
KH0037,UR1033C; AS033C,UR1033C
KH0038,UR1033D; AS033D,UR1033D
KH0039,UR1033E; AS033E,UR1033E
KH0040,UR1033F; AS033F,UR1033F
KH0041,UR1033G; AS033G,UR1033G
KH0042,UR1034; AS034,UR1034
KH0043,AS035A,AS35A
KH0044,AS035B,AS35B
KH0045,AS035C,AS035C
KH0046,AS035D,AS035D
KH0047,AS036,AS036
KH0048,AS037,AS037
KH0049,AS038; HP036,KH0049
KH0050,AS039,AS039
KH0051,UR1040; AS040,UR1040
KH0052,AS041,AS041
KH0053,AS042,AS042
KH0054,AS043,AS043
KH0055,AS044,AS044
KH0056,AS045,AS045
KH0057,HP041; AS046,KH0057
KH0058,AS047; HP035,KH0058
KH0059,AS048,AS048
KH0060,UR1049; AS049,UR1049
KH0061,AS050,AS050
KH0062,UR1051; AS051,UR1051
KH0063,UR1052; AS052,UR1052
KH0064,UR1053; AS053,UR1053
KH0065,AS054,AS054
KH0066,AS055,AS055
KH0067,AS056; UR163,KH0067
KH0068,UR1057; AS057,UR1057
KH0069,UR1058; AS058,UR1058
KH0070,AS059,AS059
KH0071,AS060,AS060
KH0072,AS061/MA036,AS061/MA036
KH0073,AS062,AS062
AS063,,AS063
KH0075,AS063B,AS063B
KH0076,AS064,AS064
AS065,,AS065
KH0078,AS065B,AS065B
KH0079,AS066,AS066
KH0081,AS068; UR281,KH0081
KH0082,AS069,AS069
KH0083,UR035; AS070,KH0083
KH0084,AS071,AS071
KH0085A,AS072; KH0085,AS072
KH0085B,AS072; KH0085,AS072
KH0085C,AS072; KH0085,AS072
AS073,,AS073
KH0087,AS074,AS074
KH0088,AS075,AS075
KH0089,AS076,AS076
KH0090,AS077,AS077
KH0091,AS078,AS078
KH0092,AS079,AS079
KH0093,AS080,AS080
KH0094,AS081,AS081
KH0095,AS082,AS082
KH0096,AS083,AS083
KH0097,UR1084; AS084,UR1084
KH0098,AS085,AS085
KH0099,MM1086; AS086,MM1086
KH0100,UR1087; AS087/N3,UR1087
KH0101,UR1088; AS088/N6,UR1088
KH0102,AS089,AS089
KH0103,AS090/N2,AS090/N2
KH0104,UR1091; AS091,UR1091
KH0105,AS092,AS092
KH0106,AS093,AS093
KH0107,AS094,AS094
KH0108,UR1095; AS095/N4,UR1095
KH0109A,UR1096; AS096; KH0109,UR1096
KH0109B,UR1096; AS096; KH0109,UR1096
KH0109C,UR1096; AS096; KH0109,UR1096
KH0110,UR1097; AS097,UR1097
KH0111,UR1098; AS098,UR1098
KH0112,UR1099; AS099,UR1099
KH0113,UR1100; AS100,UR1100
KH0114,AS101 - Part 1,AS101 - Part 1
KH0115,AS101 - Part 2,AS101 - Part 2
KH0116,UR1102; AS102,UR1102
KH0117,UR1103; AS103/N12,UR1103
KH0118,UR1104; AS104; UR224,UR1104
KH0119,UR1105; AS105/N16,UR1105
KH0122,UR1108; AS108,UR1108
KH0123,UR1109; AS109,UR1109
KH0124,AS110,AS110
KH0125,AS111,AS111
KH0126,AS112,AS112
KH0127,UR1113; AS113,UR1113
KH0128,UR1114; AS114,UR1114
KH0129,AS115,AS115
KH0130,UR1116; AS116,UR1116
KH0131,UR1117; AS117,UR1117
KH0132,UR1118; AS118,UR1118
KH0133,UR1119; AS119,UR1119
KH0134,UR1120; AS120,UR1120
KH0135,UR1121; AS121,UR1121
KH0136,AS122,AS122
KH0137,UR1123; AS123,UR1123
KH0138,UR1124; AS124,UR1124
KH0139,,UR1124 Detail 1
KH0141,UR1126; AS126,UR1126
KH0144,AS129,AS129
KH0145,UR1130; AS130,UR1130
KH0147,UR1131; AS131,UR1131
KH0148,AS132,AS132
KH0149,AS133,AS133
KH0150,AS134,AS134
KH0151,UR1135; AS135,UR1135
KH0152,UR1136; AS136,UR1136
KH0153,AS137,AS137
KH0154,UR1138; AS138,UR1138
KH0155,AS139,AS139
KH0156,UR1140; AS140/N9,UR1140
KH0157,UR1141; AS141,UR1141
KH0158,AS142,AS142
KH0159,UR1143; AS143,UR1143
KH0160,UR1144; AS144,UR1144
KH0161,UR1145; AS145,UR1145
KH0162,UR1146; AS146/N10,UR1146
KH0163,UR1147; AS147,UR1147
KH0164,UR1148; AS148,UR1148
KH0165,UR1149; AS149,UR1149
KH0166,UR1150; AS150,UR1150
KH0167,UR1151; AS151,UR1151
KH0168,UR1152; AS152,UR1152
KH0169,AS153,AS153
KH0170,UR1154; AS154,UR1154
KH0171,AS155,AS155
KH0172,AS156,AS156
KH0173,AS157; N14,AS157
KH0174,AS158,AS158
KH0175,AS159,AS159
KH0176,AS160,AS160
KH0177,UR1161; AS161,UR1161
KH0179,UR1162B; AS162,UR1162B
KH0180,UR1163; AS163,UR1163
KH0181,AS164,AS164
KH0182,UR1165; AS165,UR1165
KH0183,UR1166; AS166,UR1166
KH0184,UR1167; AS167/N15,UR1167
KH0185,AS168,AS168
KH0186,AS169,AS169
KH0187,AS170,AS170
KH0188,AS171,AS171
KH0189,AS172,AS172
AS173,,AS173
AS174,,AS174
KH0192,UR1175; AS175,UR1175
KH0193,UR1176; AS176,UR1176
AS177,,AS177
AS178,,AS178
KH0196,UR1179; AS179,UR1179
KH0197,UR1180; AS180,KH0197
AS182,,AS182
KH0200,AS182B,AS182B
KH0201,AS183,AS183
KH0202,AS184,AS184
KH0203,AS185,AS185
KH0204,AS186,AS186
KH0205,AS187,AS187
KH0206,AS188,AS188
KH0207,AS189,AS189
KH0208,AS190,
KH0209,AS191,AS191
KH0210,AS192,AS192
KH0211,AS193,AS193
KH0212,AS194,AS194
KH0213,AS195,AS195
KH0214,AS196,AS196
KH0215,AS197,AS197
KH0216,AS198,AS198
KH0217,AS199,AS199
KH0218,AS200,AS200
KH0219,AS201,AS201
KH0220,AS202,AS202
KH0221,AS203,AS203
KH0222,AS204,AS204
KH0223,AS205,AS205
KH0224,AS206,AS206
KH0225,AS207A,AS207A
KH0226,AS207B,AS207B
KH0227,AS207C,KH0227
KH0228,AS208; UR083,AS208
KH0229,AS209,AS209
KH0230,AS210,AS210
KH0231,AS211,AS211
KH0232,AS212,AS212
KH0233,AS213,AS213
KH0234,AS214,AS214
AS215,,AS215
KH0236,AS215F,AS215F
KH0237,UR001,UR001
KH0238,UR002,UR002
KH0239,UR003,UR003
KH0240,UR004,UR004
KH0241,UR005,UR005
KH0242,UR006,UR006
KH0243,UR007,UR007
KH0244,UR008,UR008
KH0245,UR009,UR009
KH0246,UR010,UR010
KH0247,UR011,UR011
KH0248,UR012,UR012
KH0249,UR013,UR013
KH0250,UR014,UR014
KH0251,UR015,UR015
KH0252,UR016,UR016
KH0253,UR017,UR017
KH0254,UR018,UR018
KH0255,UR019,UR019
KH0256,UR020,UR020
KH0257,UR021,UR021
KH0258,UR022,UR022
UR023,,UR023
KH0260,UR024,UR024
KH0261,UR026,UR026
KH0262,UR027,UR027
KH0263,UR028,UR028
KH0264,UR029,UR029
UR032,,UR032
KH0266,UR033,UR033
KH0267,UR034,KH0267
KH0268,UR036; UR133,UR036
KH0269,UR037,UR037
KH0270,UR038,UR038
KH0271,UR039,UR039
KH0272,UR040,UR040
KH0273,UR041,UR041
UR042,,UR042
KH0275,UR045,UR045
KH0276,UR046,UR046
KH0277,UR047,UR047
KH0278,UR048,UR048
KH0279,UR049,UR049
KH0280,UR050,UR050
KH0281,UR051,UR051
KH0282,UR052,UR052
KH0283,UR053A,UR053A
KH0284,UR053B,UR053B
KH0285,UR053C,UR053C
KH0286,UR053D,UR053D
KH0287,UR053E,UR053E
KH0288,UR054,UR054
KH0289,UR055,UR055
KH0290,UR056A,UR056A
KH0291,UR056B,UR056B
KH0292,UR056C,UR056C
KH0293,UR057,UR057
KH0294,UR058A,UR058A
KH0295,UR058B,UR058B
KH0296,UR059,UR059
KH0297,UR060,UR060
KH0298,UR061,UR061
KH0299,UR062,UR062
KH0300,UR063,UR063
KH0301,UR064,UR064
KH0302,UR065,UR065
KH0303,UR066,UR066
KH0304,UR067,UR067
KH0305,UR068,UR068
KH0306,UR069,UR069
KH0307,UR070,UR070
KH0308,UR071,UR071
KH0309,UR072,UR072
KH0310,UR073,UR073
KH0311,UR074,UR074
KH0312,UR075,UR075
KH0313,UR076,UR076
KH0314,UR077,UR077
KH0315,UR078,UR078
KH0316,UR079,UR079
KH0317,UR080,UR080
KH0318,UR081,UR081
KH0319,UR082,UR082
KH0320,UR084,UR084
KH0321,UR085,UR085
KH0322,UR086,UR086
KH0323,UR087,UR087
KH0324,UR088,UR088
KH0325,UR089,UR089
KH0326,UR090,UR090
KH0327,UR091,UR091
KH0328,UR092,UR092
KH0329,UR093,UR093
KH0330,UR094,UR094
KH0331,UR095,UR095
KH0332,UR096,UR096
KH0333,UR097,UR097
KH0334,UR098,UR098
KH0335,UR099,UR099
KH0336,UR100,UR100
KH0337,UR101,UR101
KH0338,UR102,UR102
KH0339,UR103,UR103
KH0340,UR104,UR104
KH0341,UR105,UR105
KH0342,UR106,UR106
KH0343,UR107,UR107
KH0344,UR108,UR108
KH0345,UR109,UR109
KH0346,UR110,UR110
KH0347,UR111,UR111
KH0348,UR112,UR112
UR113,,UR113
UR114,,UR114
KH0351,UR115; UR126,UR115
KH0352,UR116A,UR116A
KH0353,UR116B,UR116B
KH0354,UR117A,UR117A
KH0355,UR117B,UR117B
KH0356,UR117C,UR117C
KH0357,UR117D,UR117D
KH0358,UR118,UR118
KH0359,UR119,UR119
KH0360,UR120,UR120
KH0361,UR121,UR121
KH0362,UR122,UR122
KH0363,UR123,UR123
KH0364,UR124,UR124
KH0365,UR125,UR125
KH0366,UR127,UR127
KH0367,UR128,UR128
KH0368,UR129,UR129
KH0369,UR130,UR130
KH0370,UR131A,UR131A
KH0371,UR131B,UR131B
KH0372,UR131C,UR131C
KH0373,UR132,UR132
KH0374,UR134,UR134
KH0375,UR135,UR135
KH0376,UR136,UR136
KH0377,UR137,UR137
KH0378,UR138,UR138
KH0379,UR139,UR139
KH0380,UR140,UR140
KH0381,UR141,UR141
KH0382,UR142,UR142
KH0383,UR143,UR143
KH0384,UR144,UR144
KH0385,UR145,UR145
KH0386,UR146,UR146
KH0387,UR147,UR147
KH0388,UR148,UR148
KH0389,UR149,UR149
KH0390,UR150,UR150
KH0391,UR151,UR151
KH0392,UR152,UR152
KH0393,UR153,UR153
KH0394,UR154,UR154
KH0395,UR155,UR155
KH0396,UR156,UR156
KH0397,UR157,UR157
KH0398,UR158,UR158
KH0399,UR159,UR159
KH0400,UR160,UR160
KH0401,UR161,UR161
KH0402,UR162,UR162
KH0403,UR164,UR164
KH0404,UR165,UR165
KH0405,UR166; LL02; N5,UR166
UR167,,UR167
KH0407,UR168,UR168
KH0408,UR169,UR169
KH0409,UR170,UR170
KH0410,UR171,UR171
KH0411,UR172,UR172
KH0412,UR173,UR173
KH0413,UR174,UR174
KH0414,UR175,UR175
KH0415,UR177,UR177
KH0416,UR178,UR178
KH0417,UR179,UR179
KH0418,UR180,UR180
KH0419,UR181,
KH0420,UR182,UR182
KH0421,UR183,UR183
KH0422,UR184,UR184
KH0423,UR185,UR185
KH0424,UR186,UR186
KH0425,UR187,UR187
KH0426,UR188,UR188
KH0427,UR189,UR189
KH0428,UR190,UR190
KH0429,UR191,UR191
UR192,,UR192
KH0431,UR193,UR193
KH0432,UR194,UR194
KH0433,UR195,UR195
KH0434,UR196,UR196
KH0435,UR197,UR197
KH0436,UR198,UR198
KH0437,UR199,UR199
UR200,,UR200
UR201,,UR201
KH0440,UR202,UR202
KH0441,UR203,UR203
UR204,,UR204
UR205,,UR205
UR206,,UR206
KH0445,UR207,UR207
KH0446,UR208,UR208
KH0447,UR209,UR209
UR210,,UR210
UR211,,UR211
KH0450,UR212,UR212
UR213,,UR213
UR214,,UR214
KH0453,UR215,UR215
KH0454,UR216,UR216
KH0455,UR217,UR217
KH0456,UR218,UR218
KH0457,UR219,UR219
KH0458,UR220,UR220
UR221,,UR221
KH0460,UR222,UR222
KH0461,UR223,UR223
KH0462,UR225,UR225
KH0463,UR226,UR226
UR227,,UR227
UR228,,UR228
KH0466,UR229,UR229
KH0467,UR230,UR230
KH0468,UR231,UR231
UR232,,UR232
UR233,,UR233
KH0471,UR234,UR234
KH0472,UR235,UR235
KH0473,UR237,UR237
KH0474,UR238,UR238
KH0475,UR239,UR239
KH0476,UR240,UR240
KH0477,UR241,UR241
KH0478,UR242,UR242
UR243,,UR243
UR244,,UR244
UR245,,UR245
UR246,,UR246
KH0484,UR248,UR248
UR249,,UR249
KH0486,UR250,UR250
KH0487,UR251,UR251
KH0488,UR252,UR252
KH0489,UR253,UR253
KH0490,UR254,UR254
KH0491,UR255,UR255
KH0492,UR256,UR256
KH0493,UR257,UR257
KH0494,UR258,UR258
KH0495,UR259,UR259
KH0496,UR260,UR260
KH0497,UR261,UR261
KH0498,UR262,UR262
KH0499,UR263,UR263
KH0500,UR264,UR264
KH0501,UR265,UR265
KH0502,UR266,UR266
KH0503,UR267A,UR267A
KH0504,UR267B,UR267B
KH0505,UR268,UR268
KH0506,UR269,UR269
KH0507,UR270,UR270
KH0508,UR271,UR271
KH0509,UR272,UR272
KH0510,UR273A,UR273A
KH0511,UR273B,UR273B
KH0512,UR274A,UR274A
KH0513,UR274B,UR274B
KH0514,UR275,UR275
KH0515,UR276,UR276
KH0516,UR277,UR277
KH0517,UR278,UR278
KH0518,UR279,UR279
KH0519,UR280,UR280
KH0520,UR282,UR282
KH0521,UR283,UR283
KH0522,UR284,UR284
KH0523,UR285,UR285
KH0524,UR286,UR286
KH0525,UR287,UR287
KH0526,UR288,UR288
KH0527,UR289,UR289
KH0528,UR290,UR290
KH0529,UR291A,UR291A
KH0530,UR292A,UR292A
KH0531,UR293,UR293
KH0532,UR294,UR294
KH0533,HP001,HP001
KH0534,HP002,HP002
KH0535,HP003,HP003
HP004,,HP004
KH0537,HP005,HP005
KH0538,HP006,HP006
KH0539,HP007,HP007
KH0540,HP008,HP008
KH0541,HP009,HP009
KH0542,HP010,HP010
KH0543,HP011,HP011
KH0544,HP012,HP012
KH0545,HP013,HP013
KH0546,HP014,HP014
KH0547,HP015,HP015
KH0548,HP016,HP016
KH0549,HP017,HP017
KH0550,HP018,HP018
KH0551,HP019,HP019
KH0552,HP020,HP020
KH0553,HP021,HP021
KH0554,HP022,HP022
KH0555,HP023,HP023
KH0556,HP024,HP024
KH0557,HP025,HP025
KH0558,HP026,HP026
HP027,,HP027
KH0560,HP028,HP028
KH0561,HP029,HP029
KH0562,HP030,HP030
KH0563,HP031,HP031
KH0564,HP032,HP032
KH0565,HP033,HP033
KH0566,HP034,HP034
KH0567,HP037,HP037
HP038,,HP038
KH0569,HP039,HP039
KH0570,HP040,HP040
KH0571,HP042,HP042
KH0572,HP043,HP043
KH0573,HP044,HP044
KH0574,HP045,HP045
KH0575,HP046 A,HP046 A
KH0576,HP046 B,HP046 B
KH0577,HP047,HP047
KH0578,HP048,HP048
KH0579,HP049,HP049
KH0580,HP050,HP050
KH0581,HP051 A,HP051 A
KH0582,HP051 B,HP051 B
KH0583,HP052,HP052
KH0584,HP053,HP053
KH0585,HP054,HP054
KH0586,HP055,HP055
KH0587,HP056,HP056
HP057,,HP057
KH0590,QU002; QU02,QU002
KH0591,QU003; QU03,QU003
KH0592,QU004; QU04,QU004
KH0593,QU005; QU05,QU005
KH0594,QU006; QU06,QU006
KH0595,QU007; QU07,QU007
KH0596,QU008; QU08,QU008
KH0597,QU009; QU09,QU009
KH0598,QU010; QU10,QU010
KH0599,QU011; QU11,QU011
KH0601,QU013; QU13,QU013
KH0602,QU014; QU14,QU014
KH0603,QU015; QU15,QU015
KH0604A,QU016A; QU16,
KH0604B,QU016B; QU16,
KH0605A,QU017A; QU17,
KH0605B,QU017B; QU17,
KH0605C,QU017C; QU17,
KH0606A,QU018A; QU18,
KH0606B,QU018B; QU18,
KH0606C,QU018; QU18,QU018
KH0607A,QU019A; QU19,
KH0607B,QU019B; QU19,
KH0607C,QU019C; QU19,
KH0607D,QU019D; QU19,
KH0608,JC001,JC001
KH0609,JC002,JC002
KH0610,JC003,JC003
KH0611,JC004,JC004
KH0612,JC005,JC005
KH0613,JC006,JC006
KH0614,JC007,JC007
KH0615,JC008,JC008
KH0616,JC009,JC009
KH0617,JC010,JC010
KH0618,JC011,JC011
KH0619,JC012,JC012
KH0620,JC013,JC013
KH0621,JC014,JC014
KH0622,JC015,JC015
KH0623,JC016,JC016
KH0624,JC017,JC017
KH0625,JC018,JC018
KH0626,JC019,JC019
KH0627,JC020,JC020
KH0628,JC021,JC021
KH0629,JC022,JC022
KH0630,JC023,JC023
KH0631,SH001,SH001
KH0632,SH002,
KH0633,,
KH0634,,
KH0635,,
KH0653,JC024,
KH0654,JC025,
KH0655,JC026,
KH0656,JC027,
KH0657,JC028,
KH0658,JC029,
KH0659,JC030,
KH0660,JC031,
KH0661,JC032,
KH0662,JC033,
KH0663,JC034,
KH0664,MM018,MM018
KH0665,BA001,
KH0666,QU020; QU20,QU020
KH0667,QU021; QU21,QU021
KH0668,QU022; QU22,QU022
KH0669,QU023,
KH0670,QU024,
KH0671,,
KH0672,MM006/AN001,MM006/AN001
KH0673,MM007/AN002,MM007/AN002
KH0674,UR297,UR298
KH0675,UR298,UR297
KH0676,JS001,
KH0677,MM001,MM001
KH0678,MM002,MM002
KH0679,MM003,MM003
KH0680,MM004,MM004
KH0681,MM005,MM005
KH0682,MM008,MM008
KH0683,MM009,MM009
KH0684,MM010,MM010
KH0685,MM011,MM011
KH0686,MM012,MM012
KH0687,MM013,MM013
KH0688,MM014,MM014
KH0689,MM015,MM015
KH0690,MM016,MM016
KH0691,MM017,MM017
KH0692,MM019,MM019
KH0693,MM020,MM020
KH0694,MM021,MM021
KH0695,MM022,
KH0696,AK001,
KH0697,AK002,
KH0698,AK003,
KH0699,KT001,
KH0700,SB001,
KH0701,AB001,
KH0702,,
KT002,,
KT003,,
KT004,,
KT005,,
RA001,,
RA002,,
RA003,,
RA004,,
RA005,,
RA006,,
RA007,,
RA008,,
RA009,,
RA010,,
RS001,,
