title,text
Summary khipus,No khipu records the group totals or column sums of another beyond chance (384 pairs against 415.6 on the offset baseline).
Compilations,"Apart from the Basel fragments, no khipu combines runs from two or more other khipus."
Colonial documents,"About 2,300 numbers from roughly 70 open transcriptions match no digitized khipu."
Huacones-Vilcahuasi hierarchy,Totals of one khipu on the next are at the level of chance (offset baseline).
Opposite attachment in copies,"Recto on one copy and verso on the other in 7 of 10 pairs, against 50% at random (p ≈ 0.17)."
Same suppliers in the same order,Deposit sizes of different Inkawasi khipus do not correlate by position.
Copies respect group boundaries,Run endpoints fall on group boundaries in 38% of cases against 46% expected.
Broken cords as lower bounds,"Sums with a broken part are exact half as often (35% vs 68%), but the sign shows no loss of knots."
Equal-share convention,Pairs of equal-total groups are not over-represented corpus-wide (p ≈ 0.1).
Pachacamac style vs Huacho style,Simple numeric features do not separate site-museum Pachacamac khipus from Huacho khipus.
Sign convention,Neither attachment side nor colour marks negative cords.
Syllables in non-decimal khipus,The non-decimal signs of Wari-style khipus have far too small an alphabet for syllables.
Calendar reading,Group and cord counts give no calendar numbers beyond chance.
Colour of the product,Colour is not carried into copies and does not mark the product at Inkawasi.
