museum,khipu,cord,check,why
"Ethnologisches Museum, Berlin",AS125,13,"Knot types and clusters in the units zone: one or two single knots, any long or figure-eight knot?","3111 makes group 4 = 8565, the AS118 subsidiary 1s5 exactly; 3112 gives 8566; 3130 gives 8584."
"Ethnologisches Museum, Berlin",AS125,8,Is the tens cluster cut by the break at 29.5 cm? Traces of further tens knots or of units below the break?,"A cut tens cluster allows 2298, making group 3 = 11522 = AS118 1s4."
"Ethnologisches Museum, Berlin",AS125,16,Any knot remains on the broken single pendant?,A value here is a candidate for AS118 1s1 (2696).
"Ethnologisches Museum, Berlin",UR1118,1,Order of subsidiaries 1s1–1s5 (which is nearest the main cord); reading of 1s2 (13182).,AS125 group 1 sums to 13676.
"Ethnologisches Museum, Berlin",UR1118,2–8,How group 2 is attached (a tied-on piece of main cord?).,Urton notes it is on a subsidiary main cord.
"Ethnologisches Museum, Berlin",UR1175,132,"Value of g27, position 3: 108 or 18?","The part-2 total 335 needs 18, as on the Huacho copy UR232."
"Ethnologisches Museum, Berlin",UR1175,167,"Value of g34, position 3 (broken): 30 or 32?",The part-2 total 268 needs 32.
"Ethnologisches Museum, Berlin",UR1175,"125, 170","Values of g26 and g35, position 1.","The part-2 total 108 needs 3 and 7 (UR232), not 5 and 6."
"Ethnologisches Museum, Berlin",UR232,4th pendant of each group,"Knot traces on the extra (broken, dark) pendant of each group?",The Huacho copy adds one pendant per group.
"Ethnologisches Museum, Berlin",UR233,subsidiaries of each first pendant,Knot traces on the black stubs of 0.5–2.5 cm?,"The intact ones read 25, 6, 7, 6, 0, as on AS175."
"Ethnologisches Museum, Berlin",UR232,splice,"Which ends of the two primary cords are joined, and in which order?",UR233 = part 1 and UR232 = part 3 of AS175.
"Ethnologisches Museum, Berlin",UR232,whole,Radiocarbon date of VA63038.,Inka or colonial copy.
"Ethnologisches Museum, Berlin",UR212,primary cord,Which end is the start of the primary cord?,Fixes the orientation of the runs copied on the Basel fragments.
"Ethnologisches Museum, Berlin",UR1131,primary cord,Which end is the start (the Aschers mark it as not established)?,As for UR212.
"Museum der Kulturen, Basel",MM015,21,"Cord 21 (4, W:GL) against AS131's knotless seventh cord.",The marked slot filled on the copy.
"Museum der Kulturen, Basel",MM008,13,103 here against 102 on UR212.,A copying difference or a reading difference.
"Museum der Kulturen, Basel",MM015,13,Cord 212 with a subsidiary (88) against UR212's 212 without one.,Whether the copy adds subsidiaries.
"Museum der Kulturen, Basel",MM008,primary cord,Which end of each fragment is the start (knotted loop or end knot)?,Fixes the orientation of each fragment on the 1924 cloth.
"Museum der Kulturen, Basel",MM016,ends,Cut or broken ends: were the fragments cut from larger khipus?,Tells a contemporary copy from pieces reassembled later.
"Ethnologisches Museum, Berlin",VA 42513,whole,Digitize cord by cord (museum record: 14 × 13 pendants).,Tests whether it records the same 14 units as UR212 and AS131.
"Ethnologisches Museum, Berlin",VA 42537,whole,Digitize cord by cord (museum record: 14 × 9 pendants).,As above.
"Ethnologisches Museum, Berlin",VA 42532,whole,"Digitize cord by cord (7 × A, 7 × B, 7 × A, 7 × B).",As above.
