keyword,site
achacam,pachacamac
pachacmac,pachacamac
santa rosalia,huaura
huaura,huaura
huacho,huacho
incahuasi,inkawasi
huacones,huacones
between ica and pisco,icapisco
ica/pisco,icapisco
ocucaje,ocucaje
callang,ocucaje
ullujal,ocucaje
ullujay,ocucaje
atarco,atarco
nazca,nazca
copara,nazca
paracas,paracas
pisco,paracas
tambo colorado,tambocolorado
acari,acari
leymebamba,leymebamba
santa,santa
huaquerones,huaquerones
armatambo,armatambo
huaca san pedro,armatambo
chuquitanta,chuquitanta
chancay,chancay
huando,chancay
cajamarquilla,cajamarquilla
cieneguilla,cieneguilla
lluta,arica
arica,arica
mollepampa,arica
quillagua,quillagua
cuzco,cuzco
huari,huari
maranga,lima
pueblo libre,lima
huaca perez,lima
la molina,lima
rimac,lima
near lima,lima
lima,lima
ica,ica
