id,label,lat,lon,region
pachacamac,Pachacamac,-12.256,-76.9,Central coast
huacho,Huacho,-11.108,-77.61,Central coast
huaura,Huaura valley (Santa Rosalía),-11.08,-77.58,Central coast
inkawasi,Inkawasi (Cañete),-12.91,-76.13,South-central coast
huacones,Huacones-Vilcahuasi (Cañete),-13.05,-76.43,South-central coast
ica,Ica,-14.07,-75.73,South coast
icapisco,Between Ica and Pisco,-13.9,-75.95,South coast
ocucaje,Ocucaje / Callango (Ica),-14.37,-75.67,South coast
nazca,Nazca,-14.83,-74.94,South coast
atarco,Atarco (Nazca),-14.93,-74.98,South coast
paracas,Paracas / Pisco,-13.78,-76.23,South coast
tambocolorado,Tambo Colorado,-13.46,-75.94,South coast
acari,Acarí,-15.43,-74.62,South coast
leymebamba,Leymebamba (Laguna de los Cóndores),-6.71,-77.8,Northern highlands
santa,Santa valley,-8.98,-78.63,North coast
huaquerones,Puruchuco-Huaquerones (Lima),-12.05,-76.93,Central coast
armatambo,Armatambo (Lima),-12.17,-77.02,Central coast
lima,Lima,-12.05,-77.04,Central coast
chuquitanta,El Paraíso / Chuquitanta,-11.95,-77.12,Central coast
chancay,Chancay,-11.57,-77.27,Central coast
cajamarquilla,Cajamarquilla,-11.99,-76.87,Central coast
cieneguilla,Cieneguilla (Lurín),-12.1,-76.8,Central coast
arica,Arica / Lluta (Chile),-18.45,-70.25,Far south
quillagua,"Quillagua (Loa, Chile)",-21.66,-69.54,Far south
cuzco,Cuzco,-13.53,-71.97,Southern highlands
huari,Huari (Ayacucho),-13.06,-74.2,Southern highlands
