when,title,text,finding
c. 1400–1532,Inka period,"Most khipus of the corpus date to the Inka period; radiocarbon dates, where tested, fall here.",
1533–1548,Huanca lords record what they gave the Spaniards,"Their khipus, read out in court, keep the shares of the valley's three parts, 4 : 2 : 3 (Chirinos 2010).",
1558 / 1561,A summary khipu equals twelve detail khipus,Hatun Xauxa's summary of 1558 is the sum of the detail khipus shown in 1561 (Chirinos 2010). No such pair survives in the corpus.,
1583,Third Council of Lima,The council orders khipus to be destroyed; the court record of khipu readings ends soon after.,
1872,Wilhelm Gretzer arrives in Peru,"A textile merchant from Hanover, he builds the largest collection of its time, mostly from grave robbers.",
1882,Macedo collection to Berlin,"Berlin buys about 2,400 objects from José Mariano Macedo of Lima.",
1882–1923,Eduard Gaffron practises medicine in Lima,"His collection later reaches Berlin (the Huacho khipus VA 63038–63044), Detmold and other museums.",huacho1
1896,Max Uhle excavates at Pachacamac,The first systematic excavation of the sanctuary.,
1899,Baessler gift,"Arthur Baessler gives Berlin about 11,690 objects.",
1904,Khipus 'between Ica and Pisco' reach Berlin,"Among them AS114, whose block recurs on AS123.",known
1906–1907,Berlin buys Gretzer's collection,"About 40,000 objects, most labelled Pachacamac, among them UR212, AS131, AS170 and AS175.",frame14
1907,"The Ica khipus AS143, AS149, AS179 enter Berlin",One allocation spread over three khipus of the same batch.,berlin
1909,Gaffron khipus in Detmold,Entered with other objects from his collection.,
1910,Basel buys khipus dug near Huacho,The ship's doctor Arnold Masarey sells a cache of cords; the museum's report calls them calendar records.,basel
1924,Nordenskiöld mounts the Huacho khipus,"Ten fragments and loose cords are sewn onto a cloth, IVc.366.03, and pieces face both ways.",basel
1925,Nordenskiöld's calendar reading,He publishes the calendar hypothesis but not the Basel khipus.,
"1978, 1988",The Aschers' Databooks,"Cord-by-cord records of more than 200 khipus, with observations such as the 7 + 7 parts of AS131 and AS170.",frame14
2013–2014,Inkawasi storehouse excavated,"Alejandro Chu recovers 34 khipus, some under chili peppers, peanuts and black beans.",inkawasi
"2015, 2019",Urton & Chu on Inkawasi,"Matched pairs and fixed deductions 10, 15, 47, 208.",ur269
2016,Conklin khipus at Dumbarton Oaks,UR297 and UR298 enter the collection.,dumbarton
2017,Huacones-Vilcahuasi,Eleven khipus found rolled together near a chili storeroom and a floor yupana.,
2022,Medrano traces the Basel khipus to Huacho,The museum archive names the burial ground near Huacho and the 1924 mounting.,basel
2026,This atlas,Corpus-wide search: every link between surviving khipus is a copy of one account.,
